Название;"Старый URI";"Новый URI";"Ошибка (требует ручной настройки)"
"7-я международная торговая выставка дизайна, архитектуры, светотехнических и строительных технологий «Light+Building 2010» во Франкфурте";/about/news/7-ya-mezhdunarodnaya-torgovaya-vystavka-dizayna-arkhitektury-svetotekhnicheskikh-i-stroitelnykh-tekhnologiy-light-building-2010-vo-frankfurte.html;/novosti/7-ya-mezhdunarodnaya-torgovaya-vystavka-dizayna-arkhitektury-svetotekhnicheskikh-i-stroitelnykh-tekhnologiy-light-building-2010-vo-frankfurte;0
"АСК Домус поздравляет с 1 мая!";/about/news/ask-domus-pozdravlyaet-s-1-maya.html;/novosti/ask-domus-pozdravlyaet-s-1-maya;0
"АСК Домус поздравляет с 70-летием Победы в Великой Отечественной Войне";/about/news/ask-domus-pozdravlyaet-s-70-letiem-pobedy-v-velikoy-otechestvennoy-voyne.html;/novosti/ask-domus-pozdravlyaet-s-70-letiem-pobedy-v-velikoy-otechestvennoy-voyne;0
"АСК Домус поздравляет с 8 марта!";/about/news/ask-domus-pozdravlyaet-s-8-marta.html;/novosti/ask-domus-pozdravlyaet-s-8-marta;0
"Автономное отопление – капиллярные полы!";/about/news/avtonomnoe-otoplenie-kapillyarnye-poly.html;/novosti/avtonomnoe-otoplenie-kapillyarnye-poly;0
"Автономное отопление – капиллярные полы! Часть 2: Преимущества капиллярных теплых полов";/about/news/avtonomnoe-otoplenie-kapillyarnye-poly-chast-2-preimushchestva-kapillyarnykh-teplykh-polov.html;/novosti/avtonomnoe-otoplenie-kapillyarnye-poly-chast-2-preimushchestva-kapillyarnykh-teplykh-polov;0
"BENDYWOOD® предлагает гибкую древесину ";/about/news/bendywood-predlagaet-gibkuyu-drevesinu-.html;/novosti/bendywood-predlagaet-gibkuyu-drevesinu-;0
"Био-пена - повышает теплосберегающие характеристики ПВХ-профилей";/about/news/bio-pena-povyshaet-teplosberegayushchie-kharakteristiki-pvkh-profiley.html;/novosti/bio-pena-povyshaet-teplosberegayushchie-kharakteristiki-pvkh-profiley;0
"C Новым 2015 годом!";/about/news/c-novym-2015-godom.html;/novosti/c-novym-2015-godom;0
"C пришедшим новым 2014 годом!";/about/news/c-prishedshim-novym-2014-godom.html;/novosti/c-prishedshim-novym-2014-godom;0
"Danfoss Link - позволит сэкономить на отоплении дома";/about/news/danfoss-link-pozvolit-sekonomit-na-otoplenii-doma.html;/novosti/danfoss-link-pozvolit-sekonomit-na-otoplenii-doma;0
"Дизайн интерьеров 2015 года - основные модные тенденции";/about/news/dizayn-intererov-2015-goda-osnovnye-modnye-tendentsii.html;/novosti/dizayn-intererov-2015-goda-osnovnye-modnye-tendentsii;0
"Фасадные конструкции - новые предложения от компании ERGOHAUS";/about/news/fasadnye-konstruktsii-novye-predlozheniya-ot-kompanii-ergohaus.html;/novosti/fasadnye-konstruktsii-novye-predlozheniya-ot-kompanii-ergohaus;0
"Где на помощь приходят подвесные потолки?";/about/news/gde-na-pomoshch-prikhodyat-podvesnye-potolki.html;/novosti/gde-na-pomoshch-prikhodyat-podvesnye-potolki;0
"Гипсокартон, очищающий воздух от компании CertainTeed";/about/news/gipsokarton-ochishchayushchiy-vozdukh-ot-kompanii-certainteed.html;/novosti/gipsokarton-ochishchayushchiy-vozdukh-ot-kompanii-certainteed;0
"Изобретены «умные» глиняные панели!";/about/news/izobreteny-umnye-glinyanye-paneli.html;/novosti/izobreteny-umnye-glinyanye-paneli;0
"Какими бывают межкомнатные двери?";/about/news/kakimi-byvayut-mezhkomnatnye-dveri.html;/novosti/kakimi-byvayut-mezhkomnatnye-dveri;0
"Классификация потолков";/about/news/klassifikatsiya-potolkov.html;/novosti/klassifikatsiya-potolkov;0
"Когда объект реализован — он начинает жить своей жизнью";/about/news/kogda-obekt-realizovan-on-nachinaet-zhit-svoey-zhiznyu.html;/novosti/kogda-obekt-realizovan-on-nachinaet-zhit-svoey-zhiznyu;0
"Комфортный климат в жилье создаст ""умный"" потолочный вентилятор";/about/news/komfortnyy-klimat-v-zhile-sozdast-umnyy-potolochnyy-ventilyator.html;/novosti/komfortnyy-klimat-v-zhile-sozdast-umnyy-potolochnyy-ventilyator;0
"Компания Knauf выпустила новый особо устойчивый подвесной потолок";/about/news/kompaniya-knauf-vypustila-novyy-osobo-ustoychivyy-podvesnoy-potolok.html;/novosti/kompaniya-knauf-vypustila-novyy-osobo-ustoychivyy-podvesnoy-potolok;0
"Лепнина из пенополиуретана - достоинства и сфера применения";/about/news/lepnina-iz-penopoliuretana-dostoinstva-i-sfera-primeneniya.html;/novosti/lepnina-iz-penopoliuretana-dostoinstva-i-sfera-primeneniya;0
"Лестницы на заказ от компании от компании ERGOHAUS";/about/news/lestnitsy-na-zakaz-ot-kompanii-ot-kompanii-ergohaus.html;/novosti/lestnitsy-na-zakaz-ot-kompanii-ot-kompanii-ergohaus;0
"Лучшие новинки среди рулонных материалов";/about/news/luchshie-novinki-sredi-rulonnykh-materialov.html;/novosti/luchshie-novinki-sredi-rulonnykh-materialov;0
"MammaFotogramma разработала эластичную фанеру";/about/news/mammafotogramma-razrabotala-elastichnuyu-faneru.html;/novosti/mammafotogramma-razrabotala-elastichnuyu-faneru;0
"Мебель от «TINTO» - формирующая пространство";/about/news/mebel-ot-tinto-formiruyushchaya-prostranstvo.html;/novosti/mebel-ot-tinto-formiruyushchaya-prostranstvo;0
"Модные обои 2015 года";/about/news/modnye-oboi-2015-goda.html;/novosti/modnye-oboi-2015-goda;0
"Модные тенденции 2015 года на ламинат";/about/news/modnye-tendentsii-2015-goda-na-laminat.html;/novosti/modnye-tendentsii-2015-goda-na-laminat;0
"MOSStile: украшение дома «живой» плиткой";/about/news/mosstile-ukrashenie-doma-zhivoy-plitkoy.html;/novosti/mosstile-ukrashenie-doma-zhivoy-plitkoy;0
"Наш архитектор участвет в конкурсе";/about/news/nash-arkhitektor-uchastvet-v-konkurse.html;/novosti/nash-arkhitektor-uchastvet-v-konkurse;0
"Немного о натяжных потолках";/about/news/nemnogo-o-natyazhnykh-potolkakh.html;/novosti/nemnogo-o-natyazhnykh-potolkakh;0
"Новая коллекция напольных покрытий и стеновых панелей от Buxkin из отходов кожи";/about/news/novaya-kollektsiya-napolnykh-pokrytiy-i-stenovykh-paneley-ot-buxkin-iz-otkhodov-kozhi.html;/novosti/novaya-kollektsiya-napolnykh-pokrytiy-i-stenovykh-paneley-ot-buxkin-iz-otkhodov-kozhi;0
"Новинка, которая позволит изменить дизайн интерьера за несколько минут";/about/news/novinka-kotoraya-pozvolit-izmenit-dizayn-interera-za-neskolko-minut.html;/novosti/novinka-kotoraya-pozvolit-izmenit-dizayn-interera-za-neskolko-minut;0
"Новинки с Международной выставки мебели «Imm cologne - 2012»";/about/news/novinki-s-mezhdunarodnoy-vystavki-mebeli-imm-cologne-2012.html;/novosti/novinki-s-mezhdunarodnoy-vystavki-mebeli-imm-cologne-2012;0
"Новое слово в напольных покрытиях";/about/news/novoe-slovo-v-napolnykh-pokrytiyakh.html;/novosti/novoe-slovo-v-napolnykh-pokrytiyakh;0
"Новости в мире напольных покрытий";/about/news/novosti-v-mire-napolnykh-pokrytiy.html;/novosti/novosti-v-mire-napolnykh-pokrytiy;0
"Новые коллекции дверей от компании ERGOHAUS";/about/news/novye-kollektsii-dverey-ot-kompanii-ergohaus.html;/novosti/novye-kollektsii-dverey-ot-kompanii-ergohaus;0
"Новые коллекции напольной керамики от Serenissima";/about/news/novye-kollektsii-napolnoy-keramiki-ot-serenissima.html;/novosti/novye-kollektsii-napolnoy-keramiki-ot-serenissima;0
"Новые возможности в дизайне профилированного стекла";/about/news/novye-vozmozhnosti-v-dizayne-profilirovannogo-stekla.html;/novosti/novye-vozmozhnosti-v-dizayne-profilirovannogo-stekla;0
"Новый класс ламината - 34";/about/news/novyy-klass-laminata-34.html;/novosti/novyy-klass-laminata-34;0
"Новый модный оконный дизайн: стеклопакеты с кристаллами Swarovski";/about/news/novyy-modnyy-okonnyy-dizayn-steklopakety-s-kristallami-swarovski.html;/novosti/novyy-modnyy-okonnyy-dizayn-steklopakety-s-kristallami-swarovski;0
"Перспективы в сфере дизайна открыл новый материал FluidSolids";/about/news/perspektivy-v-sfere-dizayna-otkryl-novyy-material-fluidsolids.html;/novosti/perspektivy-v-sfere-dizayna-otkryl-novyy-material-fluidsolids;0
"Покрытие с электронными сенсорами превратит полы в гигантский сенсорный экран";/about/news/pokrytie-s-elektronnymi-sensorami-prevratit-poly-v-gigantskiy-sensornyy-ekran.html;/novosti/pokrytie-s-elektronnymi-sensorami-prevratit-poly-v-gigantskiy-sensornyy-ekran;0
"Потолочные обои";/about/news/potolochnye-oboi.html;/novosti/potolochnye-oboi;0
"Поздравляем с Днём Святого Валентина!";/about/news/pozdravlyaem-s-dnyem-svyatogo-valentina.html;/novosti/pozdravlyaem-s-dnyem-svyatogo-valentina;0
"Превратить обычное освещение в смарт стало возможным";/about/news/prevratit-obychnoe-osveshchenie-v-smart-stalo-vozmozhnym.html;/novosti/prevratit-obychnoe-osveshchenie-v-smart-stalo-vozmozhnym;0
"Придуманы окна, превращающиеся в небольшой «балкон»";/about/news/pridumany-okna-prevrashchayushchiesya-v-nebolshoy-balkon.html;/novosti/pridumany-okna-prevrashchayushchiesya-v-nebolshoy-balkon;0
"Приглашаем на выставку";/about/news/priglashaem-na-vystavku.html;/novosti/priglashaem-na-vystavku;0
"Прозрачный бетон стал реальностью";/about/news/prozrachnyy-beton-stal-realnostyu.html;/novosti/prozrachnyy-beton-stal-realnostyu;0
"Ремонт и дизайн в элитных квартирах: 10 тезисов";/about/news/remont-i-dizayn-v-elitnykh-kvartirakh-10-tezisov.html;/novosti/remont-i-dizayn-v-elitnykh-kvartirakh-10-tezisov;0
"Ремонт и дизайн в элитных квартирах: 10 тезисов. Часть 2";/about/news/remont-i-dizayn-v-elitnykh-kvartirakh-10-tezisov-chast-2.html;/novosti/remont-i-dizayn-v-elitnykh-kvartirakh-10-tezisov-chast-2;0
"Ремонт и дизайн в элитных квартирах: 10 тезисов. Часть 3";/about/news/remont-i-dizayn-v-elitnykh-kvartirakh-10-tezisov-chast-3.html;/novosti/remont-i-dizayn-v-elitnykh-kvartirakh-10-tezisov-chast-3;0
"С Днём Защитника Отечества!";/about/news/s-dnyem-zashchitnika-otechestva.html;/novosti/s-dnyem-zashchitnika-otechestva;0
"Совмещая приятное с полезным";/about/news/sovmeshchaya-priyatnoe-s-poleznym.html;/novosti/sovmeshchaya-priyatnoe-s-poleznym;0
"Стеклянные конструкции от компании ERGOHAUS";/about/news/steklyannye-konstruktsii-ot-kompanii-ergohaus.html;/novosti/steklyannye-konstruktsii-ot-kompanii-ergohaus;0
"Свежие идеи для домашнего очага";/about/news/svezhie-idei-dlya-domashnego-ochaga.html;/novosti/svezhie-idei-dlya-domashnego-ochaga;0
"Техномассив - новинка напольного покрытия";/about/news/tekhnomassiv-novinka-napolnogo-pokrytiya.html;/novosti/tekhnomassiv-novinka-napolnogo-pokrytiya;0
"Теплый потолок – теплый дом";/about/news/teplyy-potolok-teplyy-dom.html;/novosti/teplyy-potolok-teplyy-dom;0
"Термопанели Фрайд";/about/news/termopaneli-frayd.html;/novosti/termopaneli-frayd;0
"Трансформирующаяся мебель";/about/news/transformiruyushchayasya-mebel.html;/novosti/transformiruyushchayasya-mebel;0
"Тренд сезона: включатели и розетки из натурального дерева";/about/news/trend-sezona-vklyuchateli-i-rozetki-iz-naturalnogo-dereva.html;/novosti/trend-sezona-vklyuchateli-i-rozetki-iz-naturalnogo-dereva;0
"Уборка квартир и домов после ремонта";/about/news/uborka-kvartir-i-domov-posle-remonta.html;/novosti/uborka-kvartir-i-domov-posle-remonta;0
"Умная и красивая звукоизоляция для стен - ""кожа дракона""";/about/news/umnaya-i-krasivaya-zvukoizolyatsiya-dlya-sten-kozha-drakona.html;/novosti/umnaya-i-krasivaya-zvukoizolyatsiya-dlya-sten-kozha-drakona;0
"""Умное"" затемняемое стекло стало реальностью";/about/news/umnoe-zatemnyaemoe-steklo-stalo-realnostyu.html;/novosti/umnoe-zatemnyaemoe-steklo-stalo-realnostyu;0
"Умные жалюзи сэкономят 350$ за год";/about/news/umnye-zhalyuzi-sekonomyat-350-za-god.html;/novosti/umnye-zhalyuzi-sekonomyat-350-za-god;0
"«Умные жалюзи» снизят энергопотребление дома";/about/news/umnye-zhalyuzi-snizyat-energopotreblenie-doma.html;/novosti/umnye-zhalyuzi-snizyat-energopotreblenie-doma;0
"Жидкое дерево - новый уникальный строительный материал!";/about/news/zhidkoe-derevo-novyy-unikalnyy-stroitelnyy-material.html;/novosti/zhidkoe-derevo-novyy-unikalnyy-stroitelnyy-material;0
"Живая 3D-плитка - новинка напольного покрытия";/about/news/zhivaya-3d-plitka-novinka-napolnogo-pokrytiya.html;/novosti/zhivaya-3d-plitka-novinka-napolnogo-pokrytiya;0
