Название;Старый URI;Новый URI;Ошибка (требует ручной настройки)
Аксессуары для стильной прихожей;/sovety/predmety-inter-era-dekor/aksessuary-dlya-stilnoy-prikhozhey.html;/sovety/dizayn-i-arhitektura/predmety-inter-era-dekor/aksessuary-dlya-stilnoy-prikhozhey;0
Ампир в интерьере;/sovety/napravlencheskie-stili/ampir-v-interere.html;/sovety/dizayn-i-arhitektura/stili-inter-era/napravlencheskie-stili/ampir-v-interere;0
Английский стиль - поистине королевская роскошь;/sovety/etnicheskie-stili/angliyskiy-stil-poistine-korolevskaya-roskosh.html;/sovety/dizayn-i-arhitektura/stili-inter-era/etnicheskie-stili/angliyskiy-stil-poistine-korolevskaya-roskosh;0
Архитектурные системы освещения;/sovety/osveschenie-i-elektrika/arkhitekturnye-sistemy-osveshcheniya.html;/sovety/inzhenernye-sistemy-i-seti/osveschenie-i-elektrika/arkhitekturnye-sistemy-osveshcheniya;0
Арки в домашнем интерьере;/sovety/predmety-inter-era-dekor/arki-v-domashnem-interere.html;/sovety/dizayn-i-arhitektura/predmety-inter-era-dekor/arki-v-domashnem-interere;0
Арки в интерьере квартиры;/sovety/predmety-inter-era-dekor/arki-v-interere-kvartiry.html;/sovety/dizayn-i-arhitektura/predmety-inter-era-dekor/arki-v-interere-kvartiry;0
Арт-деко – элегантное совершенство;/sovety/napravlencheskie-stili/art-deko-elegantnoe-sovershenstvo.html;/sovety/dizayn-i-arhitektura/stili-inter-era/napravlencheskie-stili/art-deko-elegantnoe-sovershenstvo;0
Арт техно – шаг навстречу будущему;/sovety/napravlencheskie-stili/art-tekhno-shag-navstrechu-budushchemu.html;/sovety/dizayn-i-arhitektura/stili-inter-era/napravlencheskie-stili/art-tekhno-shag-navstrechu-budushchemu;0
Авангард – непрекращающиеся эксперименты;/sovety/napravlencheskie-stili/avangard-neprekrashchayushchiesya-eksperimenty.html;/sovety/dizayn-i-arhitektura/stili-inter-era/napravlencheskie-stili/avangard-neprekrashchayushchiesya-eksperimenty;0
Авангардные конфорки – интересные элементы интерьера;/sovety/predmety-inter-era-dekor/avangardnye-konforki-interesnye-elementy-interera.html;/sovety/dizayn-i-arhitektura/predmety-inter-era-dekor/avangardnye-konforki-interesnye-elementy-interera;0
Беседка;/sovety/vspomogatel-nye-stroeniya/besedka.html;/sovety/kottedzhi-stroitel-stvo/vspomogatel-nye-stroeniya/besedka;0
Безрамное остекление балконов и лоджий;/sovety/okna-i-ostekleniya/bezramnoe-osteklenie-balkonov-i-lodzhiy.html;/sovety/otdelochnye-materialy/okna-i-ostekleniya/bezramnoe-osteklenie-balkonov-i-lodzhiy;0
Четко продуманный план ремонта квартиры убережет от неожиданностей;/sovety/vidy-i-poryadok-rabot/chetko-produmannyy-plan-remonta-kvartiry-uberezhet-ot-neozhidannostey.html;/sovety/remont-i-otdelka-c035e4f50f/vidy-i-poryadok-rabot/chetko-produmannyy-plan-remonta-kvartiry-uberezhet-ot-neozhidannostey;0
Что такое Фэн-Шуй?;/sovety/fen-shuy/chto-takoe-fen-shuy.html;/sovety/dizayn-i-arhitektura/fen-shuy/chto-takoe-fen-shuy;0
Что такое косметический ремонт квартир?;/sovety/kosmeticheskiy-i-kapital-nyy-remont/chto-takoe-kosmeticheskiy-remont-kvartir.html;/sovety/remont-i-otdelka-c035e4f50f/kosmeticheskiy-i-kapital-nyy-remont/chto-takoe-kosmeticheskiy-remont-kvartir;0
Что такое пристройка к дому?;/sovety/vspomogatel-nye-stroeniya/chto-takoe-pristroyka-k-domu.html;/sovety/kottedzhi-stroitel-stvo/vspomogatel-nye-stroeniya/chto-takoe-pristroyka-k-domu;0
Декорирование стен в прихожей;/sovety/stenovye-i-dorozhnye-materialy/dekorirovanie-sten-v-prikhozhey.html;/sovety/otdelochnye-materialy/stenovye-i-dorozhnye-materialy/dekorirovanie-sten-v-prikhozhey;0
Демонтажные работы, реконструкция;/sovety/pereplanirovka-i-soglasovanie/demontazhnye-raboty-rekonstruktsiya.html;/sovety/remont-i-otdelka-c035e4f50f/pereplanirovka-i-soglasovanie/demontazhnye-raboty-rekonstruktsiya;0
Десять причин заказать дизайн проекты жилых домов;/sovety/proektirovanie-c035e95139/desyat-prichin-zakazat-dizayn-proekty-zhilykh-domov.html;/sovety/kottedzhi-stroitel-stvo/proektirovanie-c035e95139/desyat-prichin-zakazat-dizayn-proekty-zhilykh-domov;0
Детали интерьера – яркие элементы;/sovety/predmety-inter-era-dekor/detali-interera-yarkie-elementy.html;/sovety/dizayn-i-arhitektura/predmety-inter-era-dekor/detali-interera-yarkie-elementy;0
Дизайн 1-комнатной квартиры;/sovety/proektirovanie-inter-era/dizayn-1-komnatnoy-kvartiry.html;/sovety/dizayn-i-arhitektura/proektirovanie-inter-era/dizayn-1-komnatnoy-kvartiry;0
Дизайн четырёхкомнатной квартиры;/sovety/proektirovanie-inter-era/dizayn-chetyryekhkomnatnoy-kvartiry.html;/sovety/dizayn-i-arhitektura/proektirovanie-inter-era/dizayn-chetyryekhkomnatnoy-kvartiry;0
Дизайн дачного дома;/sovety/proektirovanie-c035e95139/dizayn-dachnogo-doma.html;/sovety/kottedzhi-stroitel-stvo/proektirovanie-c035e95139/dizayn-dachnogo-doma;0
Дизайн для продуктового магазина;/sovety/korporativnyy-dizayn/dizayn-dlya-produktovogo-magazina.html;/sovety/dizayn-i-arhitektura/korporativnyy-dizayn/dizayn-dlya-produktovogo-magazina;0
Дизайн дома и квартиры в английском стиле;/sovety/etnicheskie-stili/dizayn-doma-kvartiry-v-angliyskom-stile.html;/sovety/dizayn-i-arhitektura/stili-inter-era/etnicheskie-stili/dizayn-doma-kvartiry-v-angliyskom-stile;0
Дизайн двухкомнатной квартиры;/sovety/proektirovanie-inter-era/dizayn-dvukhkomnatnoy-kvartiry.html;/sovety/dizayn-i-arhitektura/proektirovanie-inter-era/dizayn-dvukhkomnatnoy-kvartiry;0
Дизайн двухкомнатной квартиры п 46;/sovety/proektirovanie-inter-era/dizayn-dvukhkomnatnoy-kvartiry-p-46.html;/sovety/dizayn-i-arhitektura/proektirovanie-inter-era/dizayn-dvukhkomnatnoy-kvartiry-p-46;0
Дизайн двухуровневой квартиры;/sovety/proektirovanie-inter-era/dizayn-dvukhurovnevoy-kvartiry.html;/sovety/dizayn-i-arhitektura/proektirovanie-inter-era/dizayn-dvukhurovnevoy-kvartiry;0
Дизайн элегантной мансарды;/sovety/proektirovanie-inter-era/dizayn-elegantnoy-mansardy.html;/sovety/dizayn-i-arhitektura/proektirovanie-inter-era/dizayn-elegantnoy-mansardy;0
Дизайн фасада офиса;/sovety/korporativnyy-dizayn/dizayn-fasada-ofisa.html;/sovety/dizayn-i-arhitektura/korporativnyy-dizayn/dizayn-fasada-ofisa;0
Дизайн городской квартиры в стиле шале;/sovety/etnicheskie-stili/dizayn-gorodskoy-kvartiry-v-stile-shale.html;/sovety/dizayn-i-arhitektura/stili-inter-era/etnicheskie-stili/dizayn-gorodskoy-kvartiry-v-stile-shale;0
Дизайн интерьера бильярдной комнаты;/sovety/proektirovanie-inter-era/dizayn-interera-bilyardnoy-komnaty.html;/sovety/dizayn-i-arhitektura/proektirovanie-inter-era/dizayn-interera-bilyardnoy-komnaty;0
Дизайн интерьера “брежневки”;/sovety/proektirovanie-inter-era/dizayn-interera-brezhnevki.html;/sovety/dizayn-i-arhitektura/proektirovanie-inter-era/dizayn-interera-brezhnevki;0
Дизайн интерьера деревянного дома;/sovety/derevyannye-doma/dizayn-interera-derevyannogo-doma.html;/sovety/kottedzhi-stroitel-stvo/derevyannye-doma/dizayn-interera-derevyannogo-doma;0
Дизайн интерьера деревянного загородного дома;/sovety/derevyannye-doma/dizayn-interera-derevyannogo-zagorodnogo-doma.html;/sovety/kottedzhi-stroitel-stvo/derevyannye-doma/dizayn-interera-derevyannogo-zagorodnogo-doma;0
Дизайн интерьера детской комнаты;/sovety/proektirovanie-inter-era/dizayn-interera-detskoy-komnaty.html;/sovety/dizayn-i-arhitektura/proektirovanie-inter-era/dizayn-interera-detskoy-komnaty;0
Дизайн интерьера дома в стиле лофт;/sovety/napravlencheskie-stili/dizayn-interera-doma-v-stile-loft.html;/sovety/dizayn-i-arhitektura/stili-inter-era/napravlencheskie-stili/dizayn-interera-doma-v-stile-loft;0
Дизайн интерьера дома в стиле модерн;/sovety/napravlencheskie-stili/dizayn-interera-doma-v-stile-modern.html;/sovety/dizayn-i-arhitektura/stili-inter-era/napravlencheskie-stili/dizayn-interera-doma-v-stile-modern;0
Дизайн интерьера домов и коттеджей;/sovety/proektirovanie-inter-era/dizayn-interera-domov-i-kottedzhey.html;/sovety/dizayn-i-arhitektura/proektirovanie-inter-era/dizayn-interera-domov-i-kottedzhey;0
Дизайн интерьера двухкомнатной квартиры;/sovety/proektirovanie-inter-era/dizayn-interera-dvukhkomnatnoy-kvartiry.html;/sovety/dizayn-i-arhitektura/proektirovanie-inter-era/dizayn-interera-dvukhkomnatnoy-kvartiry;0
Дизайн интерьера двухкомнатной квартиры 64 кв. м;/sovety/proektirovanie-inter-era/dizayn-interera-dvukhkomnatnoy-kvartiry-64-kv-m.html;/sovety/dizayn-i-arhitektura/proektirovanie-inter-era/dizayn-interera-dvukhkomnatnoy-kvartiry-64-kv-m;0
Дизайн интерьера. Французский стиль;/sovety/etnicheskie-stili/dizayn-interera-frantsuzskiy-stil.html;/sovety/dizayn-i-arhitektura/stili-inter-era/etnicheskie-stili/dizayn-interera-frantsuzskiy-stil;0
Дизайн интерьера гостиных комнат;/sovety/proektirovanie-inter-era/dizayn-interera-gostinykh-komnat.html;/sovety/dizayn-i-arhitektura/proektirovanie-inter-era/dizayn-interera-gostinykh-komnat;0
Дизайн интерьера кабинета руководителя;/sovety/korporativnyy-dizayn/dizayn-interera-kabineta-rukovoditelya.html;/sovety/dizayn-i-arhitektura/korporativnyy-dizayn/dizayn-interera-kabineta-rukovoditelya;0
Дизайн интерьера хрущевки в стиле прованс;/sovety/etnicheskie-stili/dizayn-interera-khrushchevki-v-stile-provans.html;/sovety/dizayn-i-arhitektura/stili-inter-era/etnicheskie-stili/dizayn-interera-khrushchevki-v-stile-provans;0
Дизайн интерьера кухни с балконом;/sovety/predmety-inter-era-dekor/dizayn-interera-kukhni-s-balkonom.html;/sovety/dizayn-i-arhitektura/predmety-inter-era-dekor/dizayn-interera-kukhni-s-balkonom;0
Дизайн интерьера квартир эконом-класса;/sovety/proektirovanie-inter-era/dizayn-interera-kvartir-ekonom-klassa.html;/sovety/dizayn-i-arhitektura/proektirovanie-inter-era/dizayn-interera-kvartir-ekonom-klassa;0
Дизайн интерьера квартиры студии в стиле хайтек;/sovety/napravlencheskie-stili/dizayn-interera-kvartiry-studii-v-stile-khaytek.html;/sovety/dizayn-i-arhitektura/stili-inter-era/napravlencheskie-stili/dizayn-interera-kvartiry-studii-v-stile-khaytek;0
Дизайн интерьера квартиры в стиле арт-деко;/sovety/napravlencheskie-stili/dizayn-interera-kvartiry-v-stile-art-deko.html;/sovety/dizayn-i-arhitektura/stili-inter-era/napravlencheskie-stili/dizayn-interera-kvartiry-v-stile-art-deko;0
Дизайн интерьера маленьких квартир;/sovety/proektirovanie-inter-era/dizayn-interera-malenkikh-kvartir.html;/sovety/dizayn-i-arhitektura/proektirovanie-inter-era/dizayn-interera-malenkikh-kvartir;0
Дизайн интерьера спален должен учитывать характер своих обитателей;/sovety/proektirovanie-inter-era/dizayn-interera-spalen-dolzhen-uchityvat-kharakter-svoikh-obitateley.html;/sovety/dizayn-i-arhitektura/proektirovanie-inter-era/dizayn-interera-spalen-dolzhen-uchityvat-kharakter-svoikh-obitateley;0
Дизайн интерьера спорт-бара;/sovety/korporativnyy-dizayn/dizayn-interera-sport-bara.html;/sovety/dizayn-i-arhitektura/korporativnyy-dizayn/dizayn-interera-sport-bara;0
Дизайн интерьера трехкомнатной квартиры в панельном доме;/sovety/proektirovanie-inter-era/dizayn-interera-trekhkomnatnoy-kvartiry-v-panelnom-dome.html;/sovety/dizayn-i-arhitektura/proektirovanie-inter-era/dizayn-interera-trekhkomnatnoy-kvartiry-v-panelnom-dome;0
Озеленение интерьера в стиле прованс;/sovety/etnicheskie-stili/dizayn-interera-v-provanskom-stile.html;/sovety/dizayn-i-arhitektura/stili-inter-era/etnicheskie-stili/dizayn-interera-v-provanskom-stile;0
Очарование сельского уюта - стиль прованс;/sovety/etnicheskie-stili/dizayn-interera-v-stile-provans.html;/sovety/dizayn-i-arhitektura/stili-inter-era/etnicheskie-stili/dizayn-interera-v-stile-provans;0
Дизайн интерьера загородного дома в современном стиле;/sovety/proektirovanie-c035e95139/dizayn-interera-zagorodnogo-doma-v-sovremennom-stile.html;/sovety/kottedzhi-stroitel-stvo/proektirovanie-c035e95139/dizayn-interera-zagorodnogo-doma-v-sovremennom-stile;0
Дизайн интерьера загородного дома в стиле хай тек;/sovety/napravlencheskie-stili/dizayn-interera-zagorodnogo-doma-v-stile-khay-tek.html;/sovety/dizayn-i-arhitektura/stili-inter-era/napravlencheskie-stili/dizayn-interera-zagorodnogo-doma-v-stile-khay-tek;0
Дизайн интерьера загородного дома в стиле шале;/sovety/etnicheskie-stili/dizayn-interera-zagorodnogo-doma-v-stile-shale.html;/sovety/dizayn-i-arhitektura/stili-inter-era/etnicheskie-stili/dizayn-interera-zagorodnogo-doma-v-stile-shale;0
Дизайн интерьеров квартир в классическом стиле;/sovety/napravlencheskie-stili/dizayn-intererov-kvartir-v-klassicheskom-stile.html;/sovety/dizayn-i-arhitektura/stili-inter-era/napravlencheskie-stili/dizayn-intererov-kvartir-v-klassicheskom-stile;0
Дизайн интерьеров в африканском стиле;/sovety/etnicheskie-stili/dizayn-intererov-v-afrikanskom-stile.html;/sovety/dizayn-i-arhitektura/stili-inter-era/etnicheskie-stili/dizayn-intererov-v-afrikanskom-stile;0
Дизайн квартир 121 серии;/sovety/proektirovanie-inter-era/dizayn-kvartir-121-serii.html;/sovety/dizayn-i-arhitektura/proektirovanie-inter-era/dizayn-kvartir-121-serii;0
Изысканный для многих стиль арт-деко;/sovety/napravlencheskie-stili/dizayn-kvartir-art-deko.html;/sovety/dizayn-i-arhitektura/stili-inter-era/napravlencheskie-stili/dizayn-kvartir-art-deko;0
Дизайн квартир в панельных домах;/sovety/proektirovanie-inter-era/dizayn-kvartir-v-panelnykh-domakh.html;/sovety/dizayn-i-arhitektura/proektirovanie-inter-era/dizayn-kvartir-v-panelnykh-domakh;0
Дизайн квартир в стиле барокко;/sovety/napravlencheskie-stili/dizayn-kvartir-v-stile-barokko.html;/sovety/dizayn-i-arhitektura/stili-inter-era/napravlencheskie-stili/dizayn-kvartir-v-stile-barokko;0
Дизайн квартиры 18 кв. м;/sovety/proektirovanie-inter-era/dizayn-kvartiry-18-kv-m.html;/sovety/dizayn-i-arhitektura/proektirovanie-inter-era/dizayn-kvartiry-18-kv-m;0
Дизайн квартиры 28 м. Увеличиваем пространство.;/sovety/proektirovanie-inter-era/dizayn-kvartiry-28-m-uvelichivaem-prostranstvo.html;/sovety/dizayn-i-arhitektura/proektirovanie-inter-era/dizayn-kvartiry-28-m-uvelichivaem-prostranstvo;0
Дизайн квартиры 45 кв. м;/sovety/proektirovanie-inter-era/dizayn-kvartiry-45-kv-m.html;/sovety/dizayn-i-arhitektura/proektirovanie-inter-era/dizayn-kvartiry-45-kv-m;0
Дизайн квартиры 56 кв. м;/sovety/proektirovanie-inter-era/dizayn-kvartiry-56-kv-m.html;/sovety/dizayn-i-arhitektura/proektirovanie-inter-era/dizayn-kvartiry-56-kv-m;0
Дизайн квартиры 60 кв. м;/sovety/proektirovanie-inter-era/dizayn-kvartiry-60-kv-m.html;/sovety/dizayn-i-arhitektura/proektirovanie-inter-era/dizayn-kvartiry-60-kv-m;0
Дизайн квартиры 70 кв. м;/sovety/proektirovanie-inter-era/dizayn-kvartiry-70-kv-m.html;/sovety/dizayn-i-arhitektura/proektirovanie-inter-era/dizayn-kvartiry-70-kv-m;0
Дизайн квартиры и дома в американском стиле;/sovety/etnicheskie-stili/dizayn-kvartiry-doma-v-amerikanskom-stile.html;/sovety/dizayn-i-arhitektura/stili-inter-era/etnicheskie-stili/dizayn-kvartiry-doma-v-amerikanskom-stile;0
Дизайн квартиры студии в классическом стиле;/sovety/napravlencheskie-stili/dizayn-kvartiry-studii-v-klassicheskom-stile.html;/sovety/dizayn-i-arhitektura/stili-inter-era/napravlencheskie-stili/dizayn-kvartiry-studii-v-klassicheskom-stile;0
Дизайн квартиры студии в японском стиле;/sovety/etnicheskie-stili/dizayn-kvartiry-studii-v-yaponskom-stile.html;/sovety/dizayn-i-arhitektura/stili-inter-era/etnicheskie-stili/dizayn-kvartiry-studii-v-yaponskom-stile;0
Дизайн квартиры в стиле лофт;/sovety/napravlencheskie-stili/dizayn-kvartiry-v-stile-loft.html;/sovety/dizayn-i-arhitektura/stili-inter-era/napravlencheskie-stili/dizayn-kvartiry-v-stile-loft;0
Дизайн квартиры в стиле минимализм;/sovety/napravlencheskie-stili/dizayn-kvartiry-v-stile-minimalizm.html;/sovety/dizayn-i-arhitektura/stili-inter-era/napravlencheskie-stili/dizayn-kvartiry-v-stile-minimalizm;0
Дизайн квартиры в стиле модерн;/sovety/napravlencheskie-stili/dizayn-kvartiry-v-stile-modern.html;/sovety/dizayn-i-arhitektura/stili-inter-era/napravlencheskie-stili/dizayn-kvartiry-v-stile-modern;0
Дизайн квартиры в стиле прованс;/sovety/etnicheskie-stili/dizayn-kvartiry-v-stile-provans.html;/sovety/dizayn-i-arhitektura/stili-inter-era/etnicheskie-stili/dizayn-kvartiry-v-stile-provans;0
Дизайн небольших гостиных;/sovety/proektirovanie-inter-era/dizayn-nebolshikh-gostinykh.html;/sovety/dizayn-i-arhitektura/proektirovanie-inter-era/dizayn-nebolshikh-gostinykh;0
Дизайн небольшой гостиной;/sovety/proektirovanie-inter-era/dizayn-nebolshoy-gostinoy.html;/sovety/dizayn-i-arhitektura/proektirovanie-inter-era/dizayn-nebolshoy-gostinoy;0
Дизайн однокомнатной квартиры 40 кв. м;/sovety/proektirovanie-inter-era/dizayn-odnokomnatnoy-kvartiry-40-kv-m.html;/sovety/dizayn-i-arhitektura/proektirovanie-inter-era/dizayn-odnokomnatnoy-kvartiry-40-kv-m;0
Дизайн однокомнатной квартиры ип 46с;/sovety/proektirovanie-inter-era/dizayn-odnokomnatnoy-kvartiry-ip-46s.html;/sovety/dizayn-i-arhitektura/proektirovanie-inter-era/dizayn-odnokomnatnoy-kvartiry-ip-46s;0
Дизайн однокомнатной квартиры П-44К;/sovety/proektirovanie-inter-era/dizayn-odnokomnatnoy-kvartiry-p-44k.html;/sovety/dizayn-i-arhitektura/proektirovanie-inter-era/dizayn-odnokomnatnoy-kvartiry-p-44k;0
Дизайн помещения в стиле романтизм;/sovety/napravlencheskie-stili/dizayn-pomeshcheniya-v-stile-romantizm.html;/sovety/dizayn-i-arhitektura/stili-inter-era/napravlencheskie-stili/dizayn-pomeshcheniya-v-stile-romantizm;0
Дизайн потолков в квартире – настоящее поле для творчества;/sovety/predmety-inter-era-dekor/dizayn-potolkov-v-kvartire-nastoyashchee-pole-dlya-tvorchestva.html;/sovety/dizayn-i-arhitektura/predmety-inter-era-dekor/dizayn-potolkov-v-kvartire-nastoyashchee-pole-dlya-tvorchestva;0
Дизайн проект частного дома;/sovety/proektirovanie-inter-era/dizayn-proekt-chastnogo-doma.html;/sovety/dizayn-i-arhitektura/proektirovanie-inter-era/dizayn-proekt-chastnogo-doma;0
Дизайн проект деревянного дома;/sovety/proektirovanie-inter-era/dizayn-proekt-derevyannogo-doma.html;/sovety/dizayn-i-arhitektura/proektirovanie-inter-era/dizayn-proekt-derevyannogo-doma;0
Дизайн проект детского магазина;/sovety/korporativnyy-dizayn/dizayn-proekt-detskogo-magazina.html;/sovety/dizayn-i-arhitektura/korporativnyy-dizayn/dizayn-proekt-detskogo-magazina;0
Дизайн проект двухкомнатной квартиры без перепланировки;/sovety/proektirovanie-c035e95139/dizayn-proekt-dvukhkomnatnoy-kvartiry-bez-pereplanirovki.html;/sovety/kottedzhi-stroitel-stvo/proektirovanie-c035e95139/dizayn-proekt-dvukhkomnatnoy-kvartiry-bez-pereplanirovki;0
Дизайн проект интерьера коттеджа;/sovety/proektirovanie-inter-era/dizayn-proekt-interera-kottedzha.html;/sovety/dizayn-i-arhitektura/proektirovanie-inter-era/dizayn-proekt-interera-kottedzha;0
Дизайн проект совмещенного санузла;/sovety/proektirovanie-inter-era/dizayn-proekt-sovmeshchennogo-sanuzla.html;/sovety/dizayn-i-arhitektura/proektirovanie-inter-era/dizayn-proekt-sovmeshchennogo-sanuzla;0
Дизайн проект спальной комнаты;/sovety/proektirovanie-inter-era/dizayn-proekt-spalnoy-komnaty.html;/sovety/dizayn-i-arhitektura/proektirovanie-inter-era/dizayn-proekt-spalnoy-komnaty;0
Дизайн-проекты интерьеров и их воплощение в жизнь;/sovety/proektirovanie-inter-era/dizayn-proekty-intererov-i-ikh-voploshchenie-v-zhizn.html;/sovety/dizayn-i-arhitektura/proektirovanie-inter-era/dizayn-proekty-intererov-i-ikh-voploshchenie-v-zhizn;0
Дизайн современного коттеджа;/sovety/proektirovanie-c035e95139/dizayn-sovremennogo-kottedzha.html;/sovety/kottedzhi-stroitel-stvo/proektirovanie-c035e95139/dizayn-sovremennogo-kottedzha;0
Дизайн трёхкомнатной квартиры;/sovety/proektirovanie-inter-era/dizayn-tryekhkomnatnoy-kvartiry.html;/sovety/dizayn-i-arhitektura/proektirovanie-inter-era/dizayn-tryekhkomnatnoy-kvartiry;0
Дизайн в стиле арт-нуво;/sovety/napravlencheskie-stili/dizayn-v-stile-art-nuvo.html;/sovety/dizayn-i-arhitektura/stili-inter-era/napravlencheskie-stili/dizayn-v-stile-art-nuvo;0
Дизайн в восточном стиле;/sovety/etnicheskie-stili/dizayn-v-vostochnom-stile.html;/sovety/dizayn-i-arhitektura/stili-inter-era/etnicheskie-stili/dizayn-v-vostochnom-stile;0
Дизайн ванной комнаты и других помещений в романском стиле;/sovety/napravlencheskie-stili/dizayn-vannoy-komnaty-i-drugikh-pomeshcheniy-v-romanskom-stile.html;/sovety/dizayn-i-arhitektura/stili-inter-era/napravlencheskie-stili/dizayn-vannoy-komnaty-i-drugikh-pomeshcheniy-v-romanskom-stile;0
Дизайн загородного дома в классическом стиле;/sovety/napravlencheskie-stili/dizayn-zagorodnogo-doma-v-klassicheskom-stile.html;/sovety/dizayn-i-arhitektura/stili-inter-era/napravlencheskie-stili/dizayn-zagorodnogo-doma-v-klassicheskom-stile;0
Дизайн загородного дома в стиле кантри;/sovety/napravlencheskie-stili/dizayn-zagorodnogo-doma-v-stile-kantri.html;/sovety/dizayn-i-arhitektura/stili-inter-era/napravlencheskie-stili/dizayn-zagorodnogo-doma-v-stile-kantri;0
Дизайн загородного дома в стиле минимализм;/sovety/napravlencheskie-stili/dizayn-zagorodnogo-doma-v-stile-minimalizm.html;/sovety/dizayn-i-arhitektura/stili-inter-era/napravlencheskie-stili/dizayn-zagorodnogo-doma-v-stile-minimalizm;0
Дизайн загородного дома в стиле прованс;/sovety/etnicheskie-stili/dizayn-zagorodnogo-doma-v-stile-provans.html;/sovety/dizayn-i-arhitektura/stili-inter-era/etnicheskie-stili/dizayn-zagorodnogo-doma-v-stile-provans;0
Дизайн зала: советы специалистов;/sovety/proektirovanie-inter-era/dizayn-zala-sovety-spetsialistov.html;/sovety/dizayn-i-arhitektura/proektirovanie-inter-era/dizayn-zala-sovety-spetsialistov;0
Дизайн зала в небольшой квартире;/sovety/proektirovanie-inter-era/dizayn-zala-v-nebolshoy-kvartire.html;/sovety/dizayn-i-arhitektura/proektirovanie-inter-era/dizayn-zala-v-nebolshoy-kvartire;0
Дизайнерские хитрости в малометражной квартире;/sovety/proektirovanie-inter-era/dizaynerskie-khitrosti-v-malometrazhnoy-kvartire.html;/sovety/dizayn-i-arhitektura/proektirovanie-inter-era/dizaynerskie-khitrosti-v-malometrazhnoy-kvartire;0
Дизайнерские решения при ремонте квартир в Подольске;/sovety/ceny-sroki-stoimost-remonta/dizaynerskie-resheniya-pri-remonte-kvartir-v-podolske.html;/sovety/remont-i-otdelka-c035e4f50f/ceny-sroki-stoimost-remonta/dizaynerskie-resheniya-pri-remonte-kvartir-v-podolske;0
Договор строительного подряда – защита ваших интересов ;/sovety/s-chego-nachat/dogovor-stroitelnogo-podryada-zashchita-vashikh-interesov-.html;/sovety/remont-i-otdelka-c035e4f50f/s-chego-nachat/dogovor-stroitelnogo-podryada-zashchita-vashikh-interesov-;0
Домашний уголок SPA;/sovety/cveto--i-svetodizayn/domashniy-ugolok-spa.html;/sovety/dizayn-i-arhitektura/cveto--i-svetodizayn/domashniy-ugolok-spa;0
Эклектика в современной квартире;/sovety/napravlencheskie-stili/eklektika-v-sovremennoy-kvartire.html;/sovety/dizayn-i-arhitektura/stili-inter-era/napravlencheskie-stili/eklektika-v-sovremennoy-kvartire;0
Эко стиль – красивый интерьер для комфортной жизни;/sovety/napravlencheskie-stili/eko-stil-krasivyy-interer-dlya-komfortnoy-zhizni.html;/sovety/dizayn-i-arhitektura/stili-inter-era/napravlencheskie-stili/eko-stil-krasivyy-interer-dlya-komfortnoy-zhizni;0
Эксклюзивные интерьеры - подход и признаки;/sovety/proektirovanie-inter-era/eksklyuzivnye-interery-podkhod-i-priznaki.html;/sovety/dizayn-i-arhitektura/proektirovanie-inter-era/eksklyuzivnye-interery-podkhod-i-priznaki;0
Экзотика и утонченность китайских интерьеров;/sovety/etnicheskie-stili/ekzotika-i-utonchennost-kitayskikh-intererov.html;/sovety/dizayn-i-arhitektura/stili-inter-era/etnicheskie-stili/ekzotika-i-utonchennost-kitayskikh-intererov;0
Элегантность минимализма;/sovety/napravlencheskie-stili/elegantnost-minimalizma.html;/sovety/dizayn-i-arhitektura/stili-inter-era/napravlencheskie-stili/elegantnost-minimalizma;0
Электрический проект жилого помещения;/sovety/osveschenie-i-elektrika/elektricheskiy-proekt-zhilogo-pomeshcheniya.html;/sovety/inzhenernye-sistemy-i-seti/osveschenie-i-elektrika/elektricheskiy-proekt-zhilogo-pomeshcheniya;0
Элитный ремонт квартир обогатит и украсит любое помещение;/sovety/evroremont/elitnyy-remont-kvartir-obogatit-i-ukrasit-lyuboe-pomeshchenie.html;/sovety/remont-i-otdelka-c035e4f50f/evroremont/elitnyy-remont-kvartir-obogatit-i-ukrasit-lyuboe-pomeshchenie;0
Эргономика ванной и туалетной комнаты;/sovety/tendencii-i-tehnologii-remonta/ergonomika-vannoy-i-tualetnoy-komnaty.html;/sovety/remont-i-otdelka-c035e4f50f/tendencii-i-tehnologii-remonta/ergonomika-vannoy-i-tualetnoy-komnaty;0
Этапы создания дизайна зала в квартире;/sovety/proektirovanie-inter-era/etapy-sozdaniya-dizayna-zala-v-kvartire.html;/sovety/dizayn-i-arhitektura/proektirovanie-inter-era/etapy-sozdaniya-dizayna-zala-v-kvartire;0
Этапы строительства загородного дома;/sovety/etapy-stroitel-stva/etapy-stroitelstva-zagorodnogo-doma.html;/sovety/kottedzhi-stroitel-stvo/etapy-stroitel-stva/etapy-stroitelstva-zagorodnogo-doma;0
Евроремонт квартиры;/sovety/evroremont/evroremont-kvartiry.html;/sovety/remont-i-otdelka-c035e4f50f/evroremont/evroremont-kvartiry;0
Фамильный дом – выбираем стиль гранж;/sovety/napravlencheskie-stili/familnyy-dom-vybiraem-stil-granzh.html;/sovety/dizayn-i-arhitektura/stili-inter-era/napravlencheskie-stili/familnyy-dom-vybiraem-stil-granzh;0
Фен-шуй – дизайн на основе китайской философии;/sovety/napravlencheskie-stili/fen-shuy-dizayn-na-osnove-kitayskoy-filosofii.html;/sovety/dizayn-i-arhitektura/stili-inter-era/napravlencheskie-stili/fen-shuy-dizayn-na-osnove-kitayskoy-filosofii;0
Фэн-шуй ванной комнаты;/sovety/fen-shuy/fen-shuy-vannoy-komnaty.html;/sovety/dizayn-i-arhitektura/fen-shuy/fen-shuy-vannoy-komnaty;0
Французский ампир – торжество роскоши;/sovety/etnicheskie-stili/frantsuzskiy-ampir-torzhestvo-roskoshi.html;/sovety/dizayn-i-arhitektura/stili-inter-era/etnicheskie-stili/frantsuzskiy-ampir-torzhestvo-roskoshi;0
Функционализм – самодостаточное жизненное пространство;/sovety/napravlencheskie-stili/funktsionalizm-samodostatochnoe-zhiznennoe-prostranstvo.html;/sovety/dizayn-i-arhitektura/stili-inter-era/napravlencheskie-stili/funktsionalizm-samodostatochnoe-zhiznennoe-prostranstvo;0
Гармоничный интерьер;/sovety/cveto--i-svetodizayn/garmonichnyy-interer.html;/sovety/dizayn-i-arhitektura/cveto--i-svetodizayn/garmonichnyy-interer;0
Гармония Средиземноморья;/sovety/etnicheskie-stili/garmoniya-sredizemnomorya.html;/sovety/dizayn-i-arhitektura/stili-inter-era/etnicheskie-stili/garmoniya-sredizemnomorya;0
Гобелены;/sovety/predmety-inter-era-dekor/gobeleny.html;/sovety/dizayn-i-arhitektura/predmety-inter-era-dekor/gobeleny;0
Гостиная: как выбрать дизайн;/sovety/proektirovanie-inter-era/gostinaya-kak-vybrat-dizayn.html;/sovety/dizayn-i-arhitektura/proektirovanie-inter-era/gostinaya-kak-vybrat-dizayn;0
Готический стиль для современных интерьеров;/sovety/napravlencheskie-stili/goticheskiy-stil-dlya-sovremennykh-intererov.html;/sovety/dizayn-i-arhitektura/stili-inter-era/napravlencheskie-stili/goticheskiy-stil-dlya-sovremennykh-intererov;0
Готический стиль в интерьере;/sovety/napravlencheskie-stili/goticheskiy-stil-v-interere.html;/sovety/dizayn-i-arhitektura/stili-inter-era/napravlencheskie-stili/goticheskiy-stil-v-interere;0
Греческий стиль;/sovety/etnicheskie-stili/grecheskiy-stil.html;/sovety/dizayn-i-arhitektura/stili-inter-era/etnicheskie-stili/grecheskiy-stil;0
Идеи для дизайна интерьера однокомнатной квартиры;/sovety/proektirovanie-inter-era/idei-dlya-dizayna-interera-odnokomnatnoy-kvartiry.html;/sovety/dizayn-i-arhitektura/proektirovanie-inter-era/idei-dlya-dizayna-interera-odnokomnatnoy-kvartiry;0
Идеи для ремонта балкона;/sovety/proektirovanie-inter-era/idei-dlya-remonta-balkona.html;/sovety/dizayn-i-arhitektura/proektirovanie-inter-era/idei-dlya-remonta-balkona;0
Индийский стиль в дизайне интерьера;/sovety/etnicheskie-stili/indiyskiy-stil-v-dizayne-interera.html;/sovety/dizayn-i-arhitektura/stili-inter-era/etnicheskie-stili/indiyskiy-stil-v-dizayne-interera;0
Интерьер балкона в квартире;/sovety/proektirovanie-inter-era/interer-balkona-v-kvartire.html;/sovety/dizayn-i-arhitektura/proektirovanie-inter-era/interer-balkona-v-kvartire;0
Интерьер кабинета – работайте с комфортом;/sovety/proektirovanie-inter-era/interer-kabineta-rabotayte-s-komfortom.html;/sovety/dizayn-i-arhitektura/proektirovanie-inter-era/interer-kabineta-rabotayte-s-komfortom;0
Интерьер клуба: создаем нужную атмосферу с помощью дизайна;/sovety/korporativnyy-dizayn/interer-kluba-sozdaem-nuzhnuyu-atmosferu-s-pomoshchyu-dizayna.html;/sovety/dizayn-i-arhitektura/korporativnyy-dizayn/interer-kluba-sozdaem-nuzhnuyu-atmosferu-s-pomoshchyu-dizayna;0
Интерьер квартиры в белом цвете;/sovety/napravlencheskie-stili/interer-kvartiry-v-belom-tsvete.html;/sovety/dizayn-i-arhitektura/stili-inter-era/napravlencheskie-stili/interer-kvartiry-v-belom-tsvete;0
Интерьер однокомнатной квартиры;/sovety/proektirovanie-inter-era/interer-odnokomnatnoy-kvartiry.html;/sovety/dizayn-i-arhitektura/proektirovanie-inter-era/interer-odnokomnatnoy-kvartiry;0
Интерьер туалета в квартире маленьких габаритов это просто и возможно;/sovety/proektirovanie-inter-era/interer-tualeta-v-kvartire-malenkikh-gabaritov-eto-prosto-i-vozmozhno.html;/sovety/dizayn-i-arhitektura/proektirovanie-inter-era/interer-tualeta-v-kvartire-malenkikh-gabaritov-eto-prosto-i-vozmozhno;0
Интерьер в стиле неоклассицизма;/sovety/napravlencheskie-stili/interer-v-stile-neoklassitsizma.html;/sovety/dizayn-i-arhitektura/stili-inter-era/napravlencheskie-stili/interer-v-stile-neoklassitsizma;0
Интерьер зала в двухкомнатной квартире;/sovety/proektirovanie-inter-era/interer-zala-v-dvukhkomnatnoy-kvartire.html;/sovety/dizayn-i-arhitektura/proektirovanie-inter-era/interer-zala-v-dvukhkomnatnoy-kvartire;0
Интерьеры ванных комнат в квартире;/sovety/proektirovanie-inter-era/interery-vannykh-komnat-v-kvartire.html;/sovety/dizayn-i-arhitektura/proektirovanie-inter-era/interery-vannykh-komnat-v-kvartire;0
Интересный дизайн ванной комнаты;/sovety/proektirovanie-inter-era/interesnyy-dizayn-vannoy-komnaty.html;/sovety/dizayn-i-arhitektura/proektirovanie-inter-era/interesnyy-dizayn-vannoy-komnaty;0
Использование лепнины в декоре помещения;/sovety/potolochnye-materialy/ispolzovanie-lepniny-v-dekore-pomeshcheniya.html;/sovety/otdelochnye-materialy/potolochnye-materialy/ispolzovanie-lepniny-v-dekore-pomeshcheniya;0
Использование подвесных потолков в дизайне прихожей;/sovety/potolochnye-materialy/ispolzovanie-podvesnykh-potolkov-v-dizayne-prikhozhey.html;/sovety/otdelochnye-materialy/potolochnye-materialy/ispolzovanie-podvesnykh-potolkov-v-dizayne-prikhozhey;0
Изящные варианты пристроек к дому – оптимальное решение для расширения;/sovety/vspomogatel-nye-stroeniya/izyashchnye-varianty-pristroek-k-domu-optimalnoe-reshenie-dlya-rasshireniya.html;/sovety/kottedzhi-stroitel-stvo/vspomogatel-nye-stroeniya/izyashchnye-varianty-pristroek-k-domu-optimalnoe-reshenie-dlya-rasshireniya;0
Изысканный дизайн квартир п 111 м;/sovety/proektirovanie-inter-era/izyskannyy-dizayn-kvartir-p-111-m.html;/sovety/dizayn-i-arhitektura/proektirovanie-inter-era/izyskannyy-dizayn-kvartir-p-111-m;0
Кабинет на балконе или лоджии;/sovety/proektirovanie-inter-era/kabinet-na-balkone-ili-lodzhii.html;/sovety/dizayn-i-arhitektura/proektirovanie-inter-era/kabinet-na-balkone-ili-lodzhii;0
Качественный ремонт квартир в Москве;/sovety/s-chego-nachat/kachestvennyy-remont-kvartir-v-moskve.html;/sovety/remont-i-otdelka-c035e4f50f/s-chego-nachat/kachestvennyy-remont-kvartir-v-moskve;0
Как начать работы по отделке квартиры в Москве?;/sovety/s-chego-nachat/kak-nachat-raboty-po-otdelke-kvartiry-v-moskve.html;/sovety/remont-i-otdelka-c035e4f50f/s-chego-nachat/kak-nachat-raboty-po-otdelke-kvartiry-v-moskve;0
Как оформить пространство квартиры;/sovety/proektirovanie-inter-era/kak-oformit-prostranstvo-kvartiry.html;/sovety/dizayn-i-arhitektura/proektirovanie-inter-era/kak-oformit-prostranstvo-kvartiry;0
Как планировать кухню;/sovety/proektirovanie-inter-era/kak-planirovat-kukhnyu.html;/sovety/dizayn-i-arhitektura/proektirovanie-inter-era/kak-planirovat-kukhnyu;0
Как почистить ковролин в домашних условиях;/sovety/napol-nye-pokrytiya/kak-pochistit-kovrolin-v-domashnikh-usloviyakh.html;/sovety/otdelochnye-materialy/napol-nye-pokrytiya/kak-pochistit-kovrolin-v-domashnikh-usloviyakh;0
Как подключить водонагреватель;/sovety/santehnika/kak-podklyuchit-vodonagrevatel.html;/sovety/otdelochnye-materialy/santehnika/kak-podklyuchit-vodonagrevatel;0
Как поклеить флизелиновые обои;/sovety/remont-svoimi-rukami/kak-pokleit-flizelinovye-oboi.html;/sovety/remont-i-otdelka-c035e4f50f/remont-svoimi-rukami/kak-pokleit-flizelinovye-oboi;0
Как поклеить обои двух видов;/sovety/remont-svoimi-rukami/kak-pokleit-oboi-dvukh-vidov.html;/sovety/remont-i-otdelka-c035e4f50f/remont-svoimi-rukami/kak-pokleit-oboi-dvukh-vidov;0
Как поклеить обои на потолок;/sovety/remont-svoimi-rukami/kak-pokleit-oboi-na-potolok.html;/sovety/remont-i-otdelka-c035e4f50f/remont-svoimi-rukami/kak-pokleit-oboi-na-potolok;0
Как поклеить обои на разные поверхности;/sovety/remont-svoimi-rukami/kak-pokleit-oboi-na-raznye-poverkhnosti.html;/sovety/remont-i-otdelka-c035e4f50f/remont-svoimi-rukami/kak-pokleit-oboi-na-raznye-poverkhnosti;0
Как поклеить виниловые обои;/sovety/remont-svoimi-rukami/kak-pokleit-vinilovye-oboi.html;/sovety/remont-i-otdelka-c035e4f50f/remont-svoimi-rukami/kak-pokleit-vinilovye-oboi;0
Как правильно использовать коридор;/sovety/proektirovanie-inter-era/kak-pravilno-ispolzovat-koridor.html;/sovety/dizayn-i-arhitektura/proektirovanie-inter-era/kak-pravilno-ispolzovat-koridor;0
Как правильно мыть ламинат;/sovety/napol-nye-pokrytiya/kak-pravilno-myt-laminat.html;/sovety/otdelochnye-materialy/napol-nye-pokrytiya/kak-pravilno-myt-laminat;0
Как правильно поклеить обои;/sovety/remont-svoimi-rukami/kak-pravilno-pokleit-oboi.html;/sovety/remont-i-otdelka-c035e4f50f/remont-svoimi-rukami/kak-pravilno-pokleit-oboi;0
Как правильно покрывать лаком паркет;/sovety/napol-nye-pokrytiya/kak-pravilno-pokryvat-lakom-parket.html;/sovety/otdelochnye-materialy/napol-nye-pokrytiya/kak-pravilno-pokryvat-lakom-parket;0
Как правильно положить паркет;/sovety/napol-nye-pokrytiya/kak-pravilno-polozhit-parket.html;/sovety/otdelochnye-materialy/napol-nye-pokrytiya/kak-pravilno-polozhit-parket;0
Как правильно постелить ламинат;/sovety/napol-nye-pokrytiya/kak-pravilno-postelit-laminat.html;/sovety/otdelochnye-materialy/napol-nye-pokrytiya/kak-pravilno-postelit-laminat;0
Как правильно рассчитать ламинат?;/sovety/napol-nye-pokrytiya/kak-pravilno-rasschitat-laminat.html;/sovety/otdelochnye-materialy/napol-nye-pokrytiya/kak-pravilno-rasschitat-laminat;0
Как правильно  рассчитать линолеум;/sovety/napol-nye-pokrytiya/kak-pravilno-rasschitat-linoleum.html;/sovety/otdelochnye-materialy/napol-nye-pokrytiya/kak-pravilno-rasschitat-linoleum;0
Как правильно стелить ковролин;/sovety/napol-nye-pokrytiya/kak-pravilno-stelit-kovrolin.html;/sovety/otdelochnye-materialy/napol-nye-pokrytiya/kak-pravilno-stelit-kovrolin;0
Как правильно циклевать паркет;/sovety/napol-nye-pokrytiya/kak-pravilno-tsiklevat-parket.html;/sovety/otdelochnye-materialy/napol-nye-pokrytiya/kak-pravilno-tsiklevat-parket;0
Как правильно ухаживать за линолеумом;/sovety/napol-nye-pokrytiya/kak-pravilno-ukhazhivat-za-linoleumom.html;/sovety/otdelochnye-materialy/napol-nye-pokrytiya/kak-pravilno-ukhazhivat-za-linoleumom;0
Как правильно укладывать плитку;/sovety/remont-svoimi-rukami/kak-pravilno-ukladyvat-plitku.html;/sovety/remont-i-otdelka-c035e4f50f/remont-svoimi-rukami/kak-pravilno-ukladyvat-plitku;0
Как правильно уложить линолеум;/sovety/napol-nye-pokrytiya/kak-pravilno-ulozhit-linoleum.html;/sovety/otdelochnye-materialy/napol-nye-pokrytiya/kak-pravilno-ulozhit-linoleum;0
Как правильно установить акриловую ванну;/sovety/remont-svoimi-rukami/kak-pravilno-ustanovit-akrilovuyu-vannu.html;/sovety/remont-i-otdelka-c035e4f50f/remont-svoimi-rukami/kak-pravilno-ustanovit-akrilovuyu-vannu;0
Как правильно установить ванну;/sovety/remont-svoimi-rukami/kak-pravilno-ustanovit-vannu.html;/sovety/remont-i-otdelka-c035e4f50f/remont-svoimi-rukami/kak-pravilno-ustanovit-vannu;0
Как правильно выбрать дизайнера?;/sovety/s-chego-nachat/kak-pravilno-vybrat-dizaynera.html;/sovety/remont-i-otdelka-c035e4f50f/s-chego-nachat/kak-pravilno-vybrat-dizaynera;0
Как правильно выбрать ковролин для детской;/sovety/napol-nye-pokrytiya/kak-pravilno-vybrat-kovrolin-dlya-detskoy.html;/sovety/otdelochnye-materialy/napol-nye-pokrytiya/kak-pravilno-vybrat-kovrolin-dlya-detskoy;0
Как правильно выбрать ламинат;/sovety/napol-nye-pokrytiya/kak-pravilno-vybrat-laminat.html;/sovety/otdelochnye-materialy/napol-nye-pokrytiya/kak-pravilno-vybrat-laminat;0
Как правильно выбрать линолеум;/sovety/napol-nye-pokrytiya/kak-pravilno-vybrat-linoleum.html;/sovety/otdelochnye-materialy/napol-nye-pokrytiya/kak-pravilno-vybrat-linoleum;0
Как сделать деревянный потолок;/sovety/potolochnye-materialy/kak-sdelat-derevyannyy-potolok.html;/sovety/otdelochnye-materialy/potolochnye-materialy/kak-sdelat-derevyannyy-potolok;0
Как сделать дизайн и ремонт квартиры;/sovety/s-chego-nachat/kak-sdelat-dizayn-i-remont-kvartiry.html;/sovety/remont-i-otdelka-c035e4f50f/s-chego-nachat/kak-sdelat-dizayn-i-remont-kvartiry;0
Как сделать двухуровневый потолок;/sovety/potolochnye-materialy/kak-sdelat-dvukhurovnevyy-potolok.html;/sovety/otdelochnye-materialy/potolochnye-materialy/kak-sdelat-dvukhurovnevyy-potolok;0
Как сделать пластиковый потолок;/sovety/potolochnye-materialy/kak-sdelat-plastikovyy-potolok.html;/sovety/otdelochnye-materialy/potolochnye-materialy/kak-sdelat-plastikovyy-potolok;0
Как сделать подвесной потолок;/sovety/potolochnye-materialy/kak-sdelat-podvesnoy-potolok.html;/sovety/otdelochnye-materialy/potolochnye-materialy/kak-sdelat-podvesnoy-potolok;0
Как сделать потолок на балконе;/sovety/potolochnye-materialy/kak-sdelat-potolok-na-balkone.html;/sovety/otdelochnye-materialy/potolochnye-materialy/kak-sdelat-potolok-na-balkone;0
Как сделать пристройку к дому;/sovety/vspomogatel-nye-stroeniya/kak-sdelat-pristroyku-k-domu.html;/sovety/kottedzhi-stroitel-stvo/vspomogatel-nye-stroeniya/kak-sdelat-pristroyku-k-domu;0
Как сделать ремонт в детской комнате;/sovety/vidy-i-poryadok-rabot/kak-sdelat-remont-v-detskoy-komnate.html;/sovety/remont-i-otdelka-c035e4f50f/vidy-i-poryadok-rabot/kak-sdelat-remont-v-detskoy-komnate;0
Как сэкономить драгоценное время, деньги и здоровье?;/sovety/ceny-sroki-stoimost-remonta/kak-sekonomit-dragotsennoe-vremya-dengi-i-zdorove.html;/sovety/remont-i-otdelka-c035e4f50f/ceny-sroki-stoimost-remonta/kak-sekonomit-dragotsennoe-vremya-dengi-i-zdorove;0
Как сэкономить на дизайн-проекте?;/sovety/proektirovanie-inter-era/kak-sekonomit-na-dizayn-proekte.html;/sovety/dizayn-i-arhitektura/proektirovanie-inter-era/kak-sekonomit-na-dizayn-proekte;0
Как смотрится со стороны интерьер помещения?;/sovety/cveto--i-svetodizayn/kak-smotritsya-so-storony-interer-pomeshcheniya.html;/sovety/dizayn-i-arhitektura/cveto--i-svetodizayn/kak-smotritsya-so-storony-interer-pomeshcheniya;0
Как сочетать функциональность и минимализм в дизайне жилого помещения?;/sovety/napravlencheskie-stili/kak-sochetat-funktsionalnost-i-minimalizm-v-dizayne-zhilogo-pomeshcheniya.html;/sovety/dizayn-i-arhitektura/stili-inter-era/napravlencheskie-stili/kak-sochetat-funktsionalnost-i-minimalizm-v-dizayne-zhilogo-pomeshcheniya;0
Как создать дизайн ванной;/sovety/vidy-i-poryadok-rabot/kak-sozdat-dizayn-vannoy.html;/sovety/remont-i-otdelka-c035e4f50f/vidy-i-poryadok-rabot/kak-sozdat-dizayn-vannoy;0
Как установить чугунную ванну;/sovety/remont-svoimi-rukami/kak-ustanovit-chugunnuyu-vannu.html;/sovety/remont-i-otdelka-c035e4f50f/remont-svoimi-rukami/kak-ustanovit-chugunnuyu-vannu;0
Как установить межкомнатную дверь;/sovety/dveri-i-peregorodki/kak-ustanovit-mezhkomnatnuyu-dver.html;/sovety/otdelochnye-materialy/dveri-i-peregorodki/kak-ustanovit-mezhkomnatnuyu-dver;0
Как установить стальную ванну;/sovety/remont-svoimi-rukami/kak-ustanovit-stalnuyu-vannu.html;/sovety/remont-i-otdelka-c035e4f50f/remont-svoimi-rukami/kak-ustanovit-stalnuyu-vannu;0
Как узаконить пристройку к дому;/sovety/pereplanirovka-i-soglasovanie/kak-uzakonit-pristroyku-k-domu.html;/sovety/remont-i-otdelka-c035e4f50f/pereplanirovka-i-soglasovanie/kak-uzakonit-pristroyku-k-domu;0
Как выбрать дизайн интерьера комнаты?;/sovety/proektirovanie-inter-era/kak-vybrat-dizayn-interera-komnaty.html;/sovety/dizayn-i-arhitektura/proektirovanie-inter-era/kak-vybrat-dizayn-interera-komnaty;0
Как выбрать дизайн интерьера небольшой квартиры?;/sovety/proektirovanie-inter-era/kak-vybrat-dizayn-interera-nebolshoy-kvartiry.html;/sovety/dizayn-i-arhitektura/proektirovanie-inter-era/kak-vybrat-dizayn-interera-nebolshoy-kvartiry;0
Как выбрать водонагреватель;/sovety/vodosnabzhenie-i-kanalizaciya/kak-vybrat-vodonagrevatel.html;/sovety/inzhenernye-sistemy-i-seti/vodosnabzhenie-i-kanalizaciya/kak-vybrat-vodonagrevatel;0
Какие потолки выбрать;/sovety/potolochnye-materialy/kakie-potolki-vybrat.html;/sovety/otdelochnye-materialy/potolochnye-materialy/kakie-potolki-vybrat;0
Какой потолок сделать в ванной;/sovety/potolochnye-materialy/kakoy-potolok-sdelat-v-vannoy.html;/sovety/otdelochnye-materialy/potolochnye-materialy/kakoy-potolok-sdelat-v-vannoy;0
Камин – украшение вашего дома;/sovety/predmety-inter-era-dekor/kamin-ukrashenie-vashego-doma.html;/sovety/dizayn-i-arhitektura/predmety-inter-era-dekor/kamin-ukrashenie-vashego-doma;0
Хай-тек – высокие технологии в жилых помещениях;/sovety/napravlencheskie-stili/khay-tek-vysokie-tekhnologii-v-zhilykh-pomeshcheniyakh.html;/sovety/dizayn-i-arhitektura/stili-inter-era/napravlencheskie-stili/khay-tek-vysokie-tekhnologii-v-zhilykh-pomeshcheniyakh;0
Китч – квинтэссенция индивидуальности;/sovety/napravlencheskie-stili/kitch-kvintessentsiya-individualnosti.html;/sovety/dizayn-i-arhitektura/stili-inter-era/napravlencheskie-stili/kitch-kvintessentsiya-individualnosti;0
Всеми известный классический интерьер;/sovety/napravlencheskie-stili/klassicheskiy-interer.html;/sovety/dizayn-i-arhitektura/stili-inter-era/napravlencheskie-stili/klassicheskiy-interer;0
Классицизм в современном интерьере;/sovety/napravlencheskie-stili/klassitsizm-v-sovremennom-interere.html;/sovety/dizayn-i-arhitektura/stili-inter-era/napravlencheskie-stili/klassitsizm-v-sovremennom-interere;0
Колониальный стиль и его особенности;/sovety/napravlencheskie-stili/kolonialnyy-stil-i-ego-osobennosti.html;/sovety/dizayn-i-arhitektura/stili-inter-era/napravlencheskie-stili/kolonialnyy-stil-i-ego-osobennosti;0
Комплексная отделка ванной комнаты современными материалами.;/sovety/otdelochnye-paneli/kompleksnaya-otdelka-vannoy-komnaty-sovremennymi-materialami.html;/sovety/otdelochnye-materialy/otdelochnye-paneli/kompleksnaya-otdelka-vannoy-komnaty-sovremennymi-materialami;0
Конструктивизм – простота, доведенная до предела ;/sovety/napravlencheskie-stili/konstruktivizm-prostota-dovedennaya-do-predela-.html;/sovety/dizayn-i-arhitektura/stili-inter-era/napravlencheskie-stili/konstruktivizm-prostota-dovedennaya-do-predela-;0
Контемпорари – современная функциональность и эстетика;/sovety/napravlencheskie-stili/kontemporari-sovremennaya-funktsionalnost-i-estetika.html;/sovety/dizayn-i-arhitektura/stili-inter-era/napravlencheskie-stili/kontemporari-sovremennaya-funktsionalnost-i-estetika;0
Коридор Вашей мечты;/sovety/proektirovanie-inter-era/koridor-vashey-mechty.html;/sovety/dizayn-i-arhitektura/proektirovanie-inter-era/koridor-vashey-mechty;0
Косметический ремонт;/sovety/kosmeticheskiy-i-kapital-nyy-remont/kosmeticheskiy-remont.html;/sovety/remont-i-otdelka-c035e4f50f/kosmeticheskiy-i-kapital-nyy-remont/kosmeticheskiy-remont;0
Коттедж на любой вкус;/sovety/proektirovanie-c035e95139/kottedzh-na-lyuboy-vkus.html;/sovety/kottedzhi-stroitel-stvo/proektirovanie-c035e95139/kottedzh-na-lyuboy-vkus;0
Ковры;/sovety/predmety-inter-era-dekor/kovry.html;/sovety/dizayn-i-arhitektura/predmety-inter-era-dekor/kovry;0
Креативный и функциональный модернизм;/sovety/napravlencheskie-stili/kreativnyy-i-funktsionalnyy-modernizm.html;/sovety/dizayn-i-arhitektura/stili-inter-era/napravlencheskie-stili/kreativnyy-i-funktsionalnyy-modernizm;0
Кухня-гостиная: современное дизайнерское решение;/sovety/proektirovanie-inter-era/kukhnya-gostinaya-sovremennoe-dizaynerskoe-reshenie.html;/sovety/dizayn-i-arhitektura/proektirovanie-inter-era/kukhnya-gostinaya-sovremennoe-dizaynerskoe-reshenie;0
Курортное настроение с морским стилем интерьера;/sovety/napravlencheskie-stili/kurortnoe-nastroenie-s-morskim-stilem-interera.html;/sovety/dizayn-i-arhitektura/stili-inter-era/napravlencheskie-stili/kurortnoe-nastroenie-s-morskim-stilem-interera;0
Необыкновенный и уютный стиль лофт;/sovety/napravlencheskie-stili/kvartira-v-stile-loft.html;/sovety/dizayn-i-arhitektura/stili-inter-era/napravlencheskie-stili/kvartira-v-stile-loft;0
Ламинат. Плюсы и минусы.;/sovety/napol-nye-pokrytiya/laminat-plyusy-i-minusy.html;/sovety/otdelochnye-materialy/napol-nye-pokrytiya/laminat-plyusy-i-minusy;0
Ландшафтный дизайн – идеальное окружение вашего дома;/sovety/landshaftnyy-dizayn-fitodizayn/landshaftnyy-dizayn-idealnoe-okruzhenie-vashego-doma.html;/sovety/dizayn-i-arhitektura/landshaftnyy-dizayn-fitodizayn/landshaftnyy-dizayn-idealnoe-okruzhenie-vashego-doma;0
Ландшафтный дизайн – неизгладимое впечатление от вашего дома;/sovety/landshaftnyy-dizayn-fitodizayn/landshaftnyy-dizayn-neizgladimoe-vpechatlenie-ot-vashego-doma.html;/sovety/dizayn-i-arhitektura/landshaftnyy-dizayn-fitodizayn/landshaftnyy-dizayn-neizgladimoe-vpechatlenie-ot-vashego-doma;0
Легкая работа в новом офисе;/sovety/korporativnyy-dizayn/legkaya-rabota-v-novom-ofise.html;/sovety/dizayn-i-arhitektura/korporativnyy-dizayn/legkaya-rabota-v-novom-ofise;0
Легко создать интерьер квартиры по фэн-шуй;/sovety/fen-shuy/legko-sozdat-iinterer-kvartiry-po-fen-shuy.html;/sovety/dizayn-i-arhitektura/fen-shuy/legko-sozdat-iinterer-kvartiry-po-fen-shuy;0
Лепнина в гостиной – разнообразим дизайн;/sovety/otdelochnye-paneli/lepnina-v-gostinoy-raznoobrazim-dizayn.html;/sovety/otdelochnye-materialy/otdelochnye-paneli/lepnina-v-gostinoy-raznoobrazim-dizayn;0
Линолеум. Плюсы и минусы.;/sovety/napol-nye-pokrytiya/linoleum-plyusy-i-minusy.html;/sovety/otdelochnye-materialy/napol-nye-pokrytiya/linoleum-plyusy-i-minusy;0
Лофтистичный интерьер – богемность и утонченная роскошь;/sovety/napravlencheskie-stili/loftistichnyy-interer-bogemnost-i-utonchennaya-roskosh.html;/sovety/dizayn-i-arhitektura/stili-inter-era/napravlencheskie-stili/loftistichnyy-interer-bogemnost-i-utonchennaya-roskosh;0
Лучшая дверь для детской комнаты;/sovety/dveri-i-peregorodki/luchshaya-dver-dlya-detskoy-komnaty.html;/sovety/otdelochnye-materialy/dveri-i-peregorodki/luchshaya-dver-dlya-detskoy-komnaty;0
Лучшая планировка для вашей квартиры;/sovety/pereplanirovka-i-soglasovanie/luchshaya-planirovka-dlya-vashey-kvartiry.html;/sovety/remont-i-otdelka-c035e4f50f/pereplanirovka-i-soglasovanie/luchshaya-planirovka-dlya-vashey-kvartiry;0
Лучшие обои для спальни;/sovety/stenovye-i-dorozhnye-materialy/luchshie-oboi-dlya-spalni.html;/sovety/otdelochnye-materialy/stenovye-i-dorozhnye-materialy/luchshie-oboi-dlya-spalni;0
Малоэтажное загородное строительство и ландшафтные работы;/sovety/proektirovanie-c035e95139/maloetazhnoe-zagorodnoe-stroitelstvo-i-landshaftnye-raboty.html;/sovety/kottedzhi-stroitel-stvo/proektirovanie-c035e95139/maloetazhnoe-zagorodnoe-stroitelstvo-i-landshaftnye-raboty;0
Маньеризм – сложный характер роскоши;/sovety/napravlencheskie-stili/manerizm-slozhnyy-kharakter-roskoshi.html;/sovety/dizayn-i-arhitektura/stili-inter-era/napravlencheskie-stili/manerizm-slozhnyy-kharakter-roskoshi;0
Манга – яркая декорация для японских комиксов ;/sovety/napravlencheskie-stili/manga-yarkaya-dekoratsiya-dlya-yaponskikh-komiksov-.html;/sovety/dizayn-i-arhitektura/stili-inter-era/napravlencheskie-stili/manga-yarkaya-dekoratsiya-dlya-yaponskikh-komiksov-;0
Материалы для отделки стен в ванной комнате и туалете;/sovety/stenovye-i-dorozhnye-materialy/materialy-dlya-otdelki-sten-v-vannoy-komnate-i-tualete.html;/sovety/otdelochnye-materialy/stenovye-i-dorozhnye-materialy/materialy-dlya-otdelki-sten-v-vannoy-komnate-i-tualete;0
Материалы для пристройки;/sovety/vspomogatel-nye-stroeniya/materialy-dlya-pristroyki.html;/sovety/kottedzhi-stroitel-stvo/vspomogatel-nye-stroeniya/materialy-dlya-pristroyki;0
Материалы для строительства пристройки;/sovety/kladka-i-perekrytiya/materialy-dlya-stroitelstva-pristroyki.html;/sovety/otdelochnye-materialy/kladka-i-perekrytiya/materialy-dlya-stroitelstva-pristroyki;0
Материалы для утепления балкона;/sovety/okna-i-ostekleniya/materialy-dlya-utepleniya-balkona.html;/sovety/otdelochnye-materialy/okna-i-ostekleniya/materialy-dlya-utepleniya-balkona;0
Механизированные штукатурные работы;/sovety/vidy-i-poryadok-rabot/mekhanizirovannye-shtukaturnye-raboty.html;/sovety/remont-i-otdelka-c035e4f50f/vidy-i-poryadok-rabot/mekhanizirovannye-shtukaturnye-raboty;0
Межкомнатные двери в интерьере квартиры. Фото межкомнатных дверей в квартире;/sovety/dveri-i-peregorodki/mezhkomnatnye-dveri-v-interere-kvartiry-foto-mezhkomnatnykh-dverey-v-kvartire.html;/sovety/otdelochnye-materialy/dveri-i-peregorodki/mezhkomnatnye-dveri-v-interere-kvartiry-foto-mezhkomnatnykh-dverey-v-kvartire;0
Один из самых популярных - стиль минимализм;/sovety/napravlencheskie-stili/minimalizm-v-interere.html;/sovety/dizayn-i-arhitektura/stili-inter-era/napravlencheskie-stili/minimalizm-v-interere;0
Моделирование интерьера в квартире;/sovety/proektirovanie-inter-era/modelirovanie-interera-v-kvartire.html;/sovety/dizayn-i-arhitektura/proektirovanie-inter-era/modelirovanie-interera-v-kvartire;0
Популярный и неоднозначный стиль модерн;/sovety/napravlencheskie-stili/modern-v-dizayne-intererov.html;/sovety/dizayn-i-arhitektura/stili-inter-era/napravlencheskie-stili/modern-v-dizayne-intererov;0
Монтаж реечных потолков в ванной комнате и туалете;/sovety/potolochnye-materialy/montazh-reechnykh-potolkov-v-vannoy-komnate-i-tualete.html;/sovety/otdelochnye-materialy/potolochnye-materialy/montazh-reechnykh-potolkov-v-vannoy-komnate-i-tualete;0
На чем можно сэкономить при ремонте ванной комнаты;/sovety/ekonom-remont/na-chem-mozhno-sekonomit-pri-remonte-vannoy-komnaty.html;/sovety/remont-i-otdelka-c035e4f50f/ekonom-remont/na-chem-mozhno-sekonomit-pri-remonte-vannoy-komnaty;0
Начиная ремонт квартир;/sovety/s-chego-nachat/nachinaya-remont-kvartir.html;/sovety/remont-i-otdelka-c035e4f50f/s-chego-nachat/nachinaya-remont-kvartir;0
Наружные штукатурные работы;/sovety/remont-svoimi-rukami/naruzhnye-shtukaturnye-raboty.html;/sovety/remont-i-otdelka-c035e4f50f/remont-svoimi-rukami/naruzhnye-shtukaturnye-raboty;0
Наружные штукатурные работы ;/sovety/vidy-i-poryadok-rabot/naruzhnye-shtukaturnye-raboty-.html;/sovety/remont-i-otdelka-c035e4f50f/vidy-i-poryadok-rabot/naruzhnye-shtukaturnye-raboty-;0
Натяжные потолки для детской;/sovety/potolochnye-materialy/natyazhnye-potolki-dlya-detskoy.html;/sovety/otdelochnye-materialy/potolochnye-materialy/natyazhnye-potolki-dlya-detskoy;0
Натяжные потолки в дизайне интерьера гостиной;/sovety/potolochnye-materialy/natyazhnye-potolki-v-dizayne-interera-gostinoy.html;/sovety/otdelochnye-materialy/potolochnye-materialy/natyazhnye-potolki-v-dizayne-interera-gostinoy;0
Натяжные потолки в интерьере спальни;/sovety/potolochnye-materialy/natyazhnye-potolki-v-interere-spalni.html;/sovety/otdelochnye-materialy/potolochnye-materialy/natyazhnye-potolki-v-interere-spalni;0
Немецкий интерьер – сочетание педантизма и красоты ;/sovety/etnicheskie-stili/nemetskiy-interer-sochetanie-pedantizma-i-krasoty-.html;/sovety/dizayn-i-arhitektura/stili-inter-era/etnicheskie-stili/nemetskiy-interer-sochetanie-pedantizma-i-krasoty-;0
Новые технологи при ремонте квартир;/sovety/tendencii-i-tehnologii-remonta/novye-tekhnologi-pri-remonte-kvartir.html;/sovety/remont-i-otdelka-c035e4f50f/tendencii-i-tehnologii-remonta/novye-tekhnologi-pri-remonte-kvartir;0
Обмеры помещений;/sovety/s-chego-nachat/obmery-pomeshcheniy.html;/sovety/remont-i-otdelka-c035e4f50f/s-chego-nachat/obmery-pomeshcheniy;0
Обновление интерьера. Шесть советов.;/sovety/kosmeticheskiy-i-kapital-nyy-remont/obnovlenie-interera-shest-sovetov.html;/sovety/remont-i-otdelka-c035e4f50f/kosmeticheskiy-i-kapital-nyy-remont/obnovlenie-interera-shest-sovetov;0
Обои, как главный элемент дизайна интерьера;/sovety/stenovye-i-dorozhnye-materialy/oboi-kak-glavnyy-element-dizayna-interera.html;/sovety/otdelochnye-materialy/stenovye-i-dorozhnye-materialy/oboi-kak-glavnyy-element-dizayna-interera;0
Обустройство квартиры 97 серии;/sovety/proektirovanie-inter-era/obustroystvo-kvartiry-97-serii.html;/sovety/dizayn-i-arhitektura/proektirovanie-inter-era/obustroystvo-kvartiry-97-serii;0
Обустройство прихожей при перепланировке квартиры;/sovety/pereplanirovka-i-soglasovanie/obustroystvo-prikhozhey-pri-pereplanirovke-kvartiry.html;/sovety/remont-i-otdelka-c035e4f50f/pereplanirovka-i-soglasovanie/obustroystvo-prikhozhey-pri-pereplanirovke-kvartiry;0
Обустройство совмещенного санузла;/sovety/proektirovanie-inter-era/obustroystvo-sovmeshchennogo-sanuzla.html;/sovety/dizayn-i-arhitektura/proektirovanie-inter-era/obustroystvo-sovmeshchennogo-sanuzla;0
Обустройство спальной комнаты;/sovety/proektirovanie-inter-era/obustroystvo-spalnoy-komnaty.html;/sovety/dizayn-i-arhitektura/proektirovanie-inter-era/obustroystvo-spalnoy-komnaty;0
Окраска стен;/sovety/vidy-i-poryadok-rabot/okraska-sten.html;/sovety/remont-i-otdelka-c035e4f50f/vidy-i-poryadok-rabot/okraska-sten;0
Оригинальный дизайн штор в квартире создаст неповторимый образ;/sovety/predmety-inter-era-dekor/originalnyy-dizayn-shtor-v-kvartire-sozdast-nepovtorimyy-obraz.html;/sovety/dizayn-i-arhitektura/predmety-inter-era-dekor/originalnyy-dizayn-shtor-v-kvartire-sozdast-nepovtorimyy-obraz;0
Основы дизайна интерьера. Некоторые правила.;/sovety/proektirovanie-inter-era/osnovy-dizayna-interera-nekotorye-pravila.html;/sovety/dizayn-i-arhitektura/proektirovanie-inter-era/osnovy-dizayna-interera-nekotorye-pravila;0
Особенности дизайн интерьера частного дома;/sovety/proektirovanie-inter-era/osobennosti-dizayn-interera-chastnogo-doma.html;/sovety/dizayn-i-arhitektura/proektirovanie-inter-era/osobennosti-dizayn-interera-chastnogo-doma;0
Особенности дизайн проекта интерьера загородного дома;/sovety/proektirovanie-inter-era/osobennosti-dizayn-proekta-interera-zagorodnogo-doma.html;/sovety/dizayn-i-arhitektura/proektirovanie-inter-era/osobennosti-dizayn-proekta-interera-zagorodnogo-doma;0
Особенности капитального ремонта квартиры на вторичном рынке;/sovety/kosmeticheskiy-i-kapital-nyy-remont/osobennosti-kapitalnogo-remonta-kvartiry-na-vtorichnom-rynke.html;/sovety/remont-i-otdelka-c035e4f50f/kosmeticheskiy-i-kapital-nyy-remont/osobennosti-kapitalnogo-remonta-kvartiry-na-vtorichnom-rynke;0
Особенности разработки дизайна интерьера в хрущевке;/sovety/proektirovanie-inter-era/osobennosti-razrabotki-dizayna-interera-v-khrushchevke.html;/sovety/dizayn-i-arhitektura/proektirovanie-inter-era/osobennosti-razrabotki-dizayna-interera-v-khrushchevke;0
Особенности ремонта квартиры с открытой планировкой;/sovety/pereplanirovka-i-soglasovanie/osobennosti-remonta-kvartiry-s-otkrytoy-planirovkoy.html;/sovety/remont-i-otdelka-c035e4f50f/pereplanirovka-i-soglasovanie/osobennosti-remonta-kvartiry-s-otkrytoy-planirovkoy;0
Особенности установки ванн;/sovety/santehnika/osobennosti-ustanovki-vann.html;/sovety/otdelochnye-materialy/santehnika/osobennosti-ustanovki-vann;0
Освещение на кухне;/sovety/osveschenie-i-elektrika/osveshchenie-na-kukhne.html;/sovety/inzhenernye-sistemy-i-seti/osveschenie-i-elektrika/osveshchenie-na-kukhne;0
Освещение спальни – в ногу с современными тенденциями;/sovety/cveto--i-svetodizayn/osveshchenie-spalni-v-nogu-s-sovremennymi-tendentsiyami.html;/sovety/dizayn-i-arhitektura/cveto--i-svetodizayn/osveshchenie-spalni-v-nogu-s-sovremennymi-tendentsiyami;0
Освещение в интерьере – важные вопросы в разработке дизайна ;/sovety/osveschenie-i-elektrika/osveshchenie-v-interere-vazhnye-voprosy-v-razrabotke-dizayna-.html;/sovety/inzhenernye-sistemy-i-seti/osveschenie-i-elektrika/osveshchenie-v-interere-vazhnye-voprosy-v-razrabotke-dizayna-;0
Освещение в ванной комнате;/sovety/osveschenie-i-elektrika/osveshchenie-v-vannoy-komnate.html;/sovety/inzhenernye-sistemy-i-seti/osveschenie-i-elektrika/osveshchenie-v-vannoy-komnate;0
Отделка балконов и лоджий – нет ничего невозможного;/sovety/pereplanirovka-i-soglasovanie/otdelka-balkonov-i-lodzhiy-net-nichego-nevozmozhnogo.html;/sovety/remont-i-otdelka-c035e4f50f/pereplanirovka-i-soglasovanie/otdelka-balkonov-i-lodzhiy-net-nichego-nevozmozhnogo;0
Отделка квартир и офисов современно, быстро, недорого;/sovety/vidy-i-poryadok-rabot/otdelka-kvartir-i-ofisov-sovremenno-bystro-nedorogo.html;/sovety/remont-i-otdelka-c035e4f50f/vidy-i-poryadok-rabot/otdelka-kvartir-i-ofisov-sovremenno-bystro-nedorogo;0
Отделка пола в квартире – важный функциональный этап в ремонте;/sovety/napol-nye-pokrytiya/otdelka-pola-v-kvartire-vazhnyy-funktsionalnyy-etap-v-remonte.html;/sovety/otdelochnye-materialy/napol-nye-pokrytiya/otdelka-pola-v-kvartire-vazhnyy-funktsionalnyy-etap-v-remonte;0
Отделка стен в свободе декораций;/sovety/stenovye-i-dorozhnye-materialy/otdelka-sten-v-svobode-dekoratsiy.html;/sovety/otdelochnye-materialy/stenovye-i-dorozhnye-materialy/otdelka-sten-v-svobode-dekoratsiy;0
Отдых как главный источник дохода: выбираем дизайн кафе;/sovety/korporativnyy-dizayn/otdykh-kak-glavnyy-istochnik-dokhoda-vybiraem-dizayn-kafe.html;/sovety/dizayn-i-arhitektura/korporativnyy-dizayn/otdykh-kak-glavnyy-istochnik-dokhoda-vybiraem-dizayn-kafe;0
Перепланировка квартиры 35 кв. м;/sovety/proektirovanie-inter-era/pereplanirovka-kvartiry-35-kv-m.html;/sovety/dizayn-i-arhitektura/proektirovanie-inter-era/pereplanirovka-kvartiry-35-kv-m;0
Перепланировка однокомнатной квартиры 33 кв. м;/sovety/proektirovanie-inter-era/pereplanirovka-odnokomnatnoy-kvartiry-33-m.html;/sovety/dizayn-i-arhitektura/proektirovanie-inter-era/pereplanirovka-odnokomnatnoy-kvartiry-33-m;0
Перепланировка помещений;/sovety/pereplanirovka-i-soglasovanie/pereplanirovka-pomeshcheniy.html;/sovety/remont-i-otdelka-c035e4f50f/pereplanirovka-i-soglasovanie/pereplanirovka-pomeshcheniy;0
Перепланировка в квартире как основа дизайна;/sovety/pereplanirovka-i-soglasovanie/pereplanirovka-v-kvartire-kak-osnova-dizayna.html;/sovety/remont-i-otdelka-c035e4f50f/pereplanirovka-i-soglasovanie/pereplanirovka-v-kvartire-kak-osnova-dizayna;0
Первый шаг к семейному гнездышку – строим дом;/sovety/etapy-stroitel-stva/pervyy-shag-k-semeynomu-gnezdyshku-stroim-dom.html;/sovety/kottedzhi-stroitel-stvo/etapy-stroitel-stva/pervyy-shag-k-semeynomu-gnezdyshku-stroim-dom;0
Планирование пространства квартиры во время ремонта;/sovety/pereplanirovka-i-soglasovanie/planirovanie-prostranstva-kvartiry-vo-vremya-remonta.html;/sovety/remont-i-otdelka-c035e4f50f/pereplanirovka-i-soglasovanie/planirovanie-prostranstva-kvartiry-vo-vremya-remonta;0
Подбираем для ванной комнаты интересный дизайн;/sovety/proektirovanie-inter-era/podbiraem-dlya-vannoy-komnaty-interesnyy-dizayn.html;/sovety/dizayn-i-arhitektura/proektirovanie-inter-era/podbiraem-dlya-vannoy-komnaty-interesnyy-dizayn;0
Подготовка стен к поклейке обоев;/sovety/vidy-i-poryadok-rabot/podgotovka-sten-k-pokleyke-oboev.html;/sovety/remont-i-otdelka-c035e4f50f/vidy-i-poryadok-rabot/podgotovka-sten-k-pokleyke-oboev;0
Подходящие стили отделки квартир, а также возможность их совмещения;/sovety/proektirovanie-inter-era/podkhodyashchie-stili-otdelki-kvartir-a-takzhe-vozmozhnost-ikh-sovmeshcheniya.html;/sovety/dizayn-i-arhitektura/proektirovanie-inter-era/podkhodyashchie-stili-otdelki-kvartir-a-takzhe-vozmozhnost-ikh-sovmeshcheniya;0
Подвесные потолки помогут обыграть объем и пространство;/sovety/potolochnye-materialy/podvesnye-potolki-pomogut-obygrat-obem-i-prostranstvo.html;/sovety/otdelochnye-materialy/potolochnye-materialy/podvesnye-potolki-pomogut-obygrat-obem-i-prostranstvo;0
Последние тенденции в дизайне интерьера квартир и веяния моды;/sovety/proektirovanie-inter-era/poslednie-tendentsii-v-dizayne-interera-kvartir-i-veyaniya-mody.html;/sovety/dizayn-i-arhitektura/proektirovanie-inter-era/poslednie-tendentsii-v-dizayne-interera-kvartir-i-veyaniya-mody;0
Постмодернизм в интерьере вашего дома;/sovety/napravlencheskie-stili/postmodernizm-v-interere-vashego-doma.html;/sovety/dizayn-i-arhitektura/stili-inter-era/napravlencheskie-stili/postmodernizm-v-interere-vashego-doma;0
Правила окраски фасада дома;/sovety/remont-svoimi-rukami/pravila-okraski-fasada-doma.html;/sovety/remont-i-otdelka-c035e4f50f/remont-svoimi-rukami/pravila-okraski-fasada-doma;0
Правила отделки загородного дома;/sovety/etapy-stroitel-stva/pravila-otdelki-zagorodnogo-doma.html;/sovety/kottedzhi-stroitel-stvo/etapy-stroitel-stva/pravila-otdelki-zagorodnogo-doma;0
Правильное зонирование пространства кухни;/sovety/proektirovanie-inter-era/pravilnoe-zonirovanie-prostranstva-kukhni.html;/sovety/dizayn-i-arhitektura/proektirovanie-inter-era/pravilnoe-zonirovanie-prostranstva-kukhni;0
Правильный дизайн интерьера комнаты ребенка;/sovety/proektirovanie-inter-era/pravilnyy-dizayn-interera-komnaty-rebenka.html;/sovety/dizayn-i-arhitektura/proektirovanie-inter-era/pravilnyy-dizayn-interera-komnaty-rebenka;0
Правильный выбор ламината в спальню;/sovety/napol-nye-pokrytiya/pravilnyy-vybor-laminata-v-spalnyu.html;/sovety/otdelochnye-materialy/napol-nye-pokrytiya/pravilnyy-vybor-laminata-v-spalnyu;0
Предметы современного интерьера – стиль делают мелочи;/sovety/predmety-inter-era-dekor/predmety-sovremennogo-interera-stil-delayut-melochi.html;/sovety/dizayn-i-arhitektura/predmety-inter-era-dekor/predmety-sovremennogo-interera-stil-delayut-melochi;0
Преимущества и недостатки паркета;/sovety/napol-nye-pokrytiya/preimushchestva-i-nedostatki-parketa.html;/sovety/otdelochnye-materialy/napol-nye-pokrytiya/preimushchestva-i-nedostatki-parketa;0
Преимущества и недостатки установки натяжного потолка;/sovety/potolochnye-materialy/preimushchestva-i-nedostatki-ustanovki-natyazhnogo-potolka.html;/sovety/otdelochnye-materialy/potolochnye-materialy/preimushchestva-i-nedostatki-ustanovki-natyazhnogo-potolka;0
Причудливый и капризный стиль фолли;/sovety/napravlencheskie-stili/prichudlivyy-i-kapriznyy-stil-folli.html;/sovety/dizayn-i-arhitektura/stili-inter-era/napravlencheskie-stili/prichudlivyy-i-kapriznyy-stil-folli;0
Природные материалы: камень в современном интерьере;/sovety/predmety-inter-era-dekor/prirodnye-materialy-kamen-v-sovremennom-interere.html;/sovety/dizayn-i-arhitektura/predmety-inter-era-dekor/prirodnye-materialy-kamen-v-sovremennom-interere;0
Пристройка бани;/sovety/vspomogatel-nye-stroeniya/pristroyka-bani.html;/sovety/kottedzhi-stroitel-stvo/vspomogatel-nye-stroeniya/pristroyka-bani;0
Пристройка бани к дому;/sovety/vspomogatel-nye-stroeniya/pristroyka-bani-k-domu.html;/sovety/kottedzhi-stroitel-stvo/vspomogatel-nye-stroeniya/pristroyka-bani-k-domu;0
Пристройка гаража к дому;/sovety/vspomogatel-nye-stroeniya/pristroyka-garazha-k-domu.html;/sovety/kottedzhi-stroitel-stvo/vspomogatel-nye-stroeniya/pristroyka-garazha-k-domu;0
Пристройка террасы к дому;/sovety/vspomogatel-nye-stroeniya/pristroyka-terrasy-k-domu.html;/sovety/kottedzhi-stroitel-stvo/vspomogatel-nye-stroeniya/pristroyka-terrasy-k-domu;0
Пристройка веранды к дому;/sovety/vspomogatel-nye-stroeniya/pristroyka-verandy-k-domu.html;/sovety/kottedzhi-stroitel-stvo/vspomogatel-nye-stroeniya/pristroyka-verandy-k-domu;0
Привлекательный дизайн кафе и ресторана – важный фактор успешной работы;/sovety/korporativnyy-dizayn/privlekatelnyy-dizayn-kafe-i-restorana-vazhnyy-faktor-uspeshnoy-raboty.html;/sovety/dizayn-i-arhitektura/korporativnyy-dizayn/privlekatelnyy-dizayn-kafe-i-restorana-vazhnyy-faktor-uspeshnoy-raboty;0
Проект дизайна четырехкомнатной квартиры;/sovety/proektirovanie-c035e95139/proekt-dizayna-chetyrekhkomnatnoy-kvartiry.html;/sovety/kottedzhi-stroitel-stvo/proektirovanie-c035e95139/proekt-dizayna-chetyrekhkomnatnoy-kvartiry;0
Профессиональный ремонт в ванной комнате;/sovety/vidy-i-poryadok-rabot/professionalnyy-remont-v-vannoy-komnate.html;/sovety/remont-i-otdelka-c035e4f50f/vidy-i-poryadok-rabot/professionalnyy-remont-v-vannoy-komnate;0
Произведения искусства в Вашем интерьере;/sovety/predmety-inter-era-dekor/proizvedeniya-iskusstva-v-vashem-interere.html;/sovety/dizayn-i-arhitektura/predmety-inter-era-dekor/proizvedeniya-iskusstva-v-vashem-interere;0
Процесс создания дизайна ванной комнаты;/sovety/proektirovanie-inter-era/protsess-sozdaniya-dizayna-vannoy-komnaty.html;/sovety/dizayn-i-arhitektura/proektirovanie-inter-era/protsess-sozdaniya-dizayna-vannoy-komnaty;0
Пятьдесят квадратных метров. Место для дизайнерского разбега?;/sovety/proektirovanie-inter-era/pyatdesyat-kvadratnykh-metrov-mesto-dlya-dizaynerskogo-razbega.html;/sovety/dizayn-i-arhitektura/proektirovanie-inter-era/pyatdesyat-kvadratnykh-metrov-mesto-dlya-dizaynerskogo-razbega;0
Райский уголок на загородном участке;/sovety/landshaftnyy-dizayn-fitodizayn/rayskiy-ugolok-na-zagorodnom-uchastke.html;/sovety/dizayn-i-arhitektura/landshaftnyy-dizayn-fitodizayn/rayskiy-ugolok-na-zagorodnom-uchastke;0
Разграниченная и продуманная черновая отделка квартиры;/sovety/ceny-sroki-stoimost-remonta/razgranichennaya-i-produmannaya-chernovaya-otdelka-kvartiry.html;/sovety/remont-i-otdelka-c035e4f50f/ceny-sroki-stoimost-remonta/razgranichennaya-i-produmannaya-chernovaya-otdelka-kvartiry;0
Разработка дизайн проекта дома;/sovety/proektirovanie-c035e95139/razrabotka-dizayn-proekta-doma.html;/sovety/kottedzhi-stroitel-stvo/proektirovanie-c035e95139/razrabotka-dizayn-proekta-doma;0
Ремонт 1 комнатной квартиры;/sovety/vidy-i-poryadok-rabot/remont-1-komnatnoy-kvartiri.html;/sovety/remont-i-otdelka-c035e4f50f/vidy-i-poryadok-rabot/remont-1-komnatnoy-kvartiri;0
Ремонт 2 комнатной квартиры;/sovety/vidy-i-poryadok-rabot/remont-2-komnatnoy-kvartiri.html;/sovety/remont-i-otdelka-c035e4f50f/vidy-i-poryadok-rabot/remont-2-komnatnoy-kvartiri;0
Ремонт 3-комнатной квартиры;/sovety/vidy-i-poryadok-rabot/remont-3-komnatnoy-kvartiry.html;/sovety/remont-i-otdelka-c035e4f50f/vidy-i-poryadok-rabot/remont-3-komnatnoy-kvartiry;0
Ремонт дома и квартиры в стиле шале;/sovety/tendencii-i-tehnologii-remonta/remont-doma-i-kvartiry-v-stile-shale.html;/sovety/remont-i-otdelka-c035e4f50f/tendencii-i-tehnologii-remonta/remont-doma-i-kvartiry-v-stile-shale;0
Ремонт домов и квартир в стиле прованс;/sovety/tendencii-i-tehnologii-remonta/remont-domov-i-kvartir-v-stile-provans.html;/sovety/remont-i-otdelka-c035e4f50f/tendencii-i-tehnologii-remonta/remont-domov-i-kvartir-v-stile-provans;0
Ремонт домов и квартир в стиле прованс;/sovety/tendencii-i-tehnologii-remonta/remont-domov-i-kvartir-v-stile-provans.html;/sovety/remont-i-otdelka-c035e4f50f/tendencii-i-tehnologii-remonta/remont-domov-i-kvartir-v-stile-provans;0
Ремонт и евроремонт квартиры;/sovety/evroremont/remont-i-evroremont-kvartiry.html;/sovety/remont-i-otdelka-c035e4f50f/evroremont/remont-i-evroremont-kvartiry;0
Ремонт хрущевки в стиле хай тек;/sovety/tendencii-i-tehnologii-remonta/remont-khrushchevki-v-stile-khay-tek.html;/sovety/remont-i-otdelka-c035e4f50f/tendencii-i-tehnologii-remonta/remont-khrushchevki-v-stile-khay-tek;0
Ремонт квартир 137 серии становится праздником;/sovety/proektirovanie-inter-era/remont-kvartir-137-serii-stanovitsya-prazdnikom.html;/sovety/dizayn-i-arhitektura/proektirovanie-inter-era/remont-kvartir-137-serii-stanovitsya-prazdnikom;0
Ремонт квартир и домов в классическом стиле;/sovety/tendencii-i-tehnologii-remonta/remont-kvartir-i-domov-v-klassicheskom-stile.html;/sovety/remont-i-otdelka-c035e4f50f/tendencii-i-tehnologii-remonta/remont-kvartir-i-domov-v-klassicheskom-stile;0
Ремонт квартир и домов в классическом стиле;/sovety/tendencii-i-tehnologii-remonta/remont-kvartir-i-domov-v-klassicheskom-stile.html;/sovety/remont-i-otdelka-c035e4f50f/tendencii-i-tehnologii-remonta/remont-kvartir-i-domov-v-klassicheskom-stile;0
Ремонт квартир и домов  в стиле кантри;/sovety/tendencii-i-tehnologii-remonta/remont-kvartir-i-domov-v-stile-kantri.html;/sovety/remont-i-otdelka-c035e4f50f/tendencii-i-tehnologii-remonta/remont-kvartir-i-domov-v-stile-kantri;0
Ремонт квартир и офисов;/sovety/vidy-i-poryadok-rabot/remont-kvartir-i-ofisov.html;/sovety/remont-i-otdelka-c035e4f50f/vidy-i-poryadok-rabot/remont-kvartir-i-ofisov;0
Ремонт квартир в стиле арт деко;/sovety/tendencii-i-tehnologii-remonta/remont-kvartir-v-stile-art-deko.html;/sovety/remont-i-otdelka-c035e4f50f/tendencii-i-tehnologii-remonta/remont-kvartir-v-stile-art-deko;0
Ремонт квартир в стиле хайтек;/sovety/tendencii-i-tehnologii-remonta/remont-kvartir-v-stile-khaytek.html;/sovety/remont-i-otdelka-c035e4f50f/tendencii-i-tehnologii-remonta/remont-kvartir-v-stile-khaytek;0
Ремонт квартир в стиле модерн;/sovety/napravlencheskie-stili/remont-kvartir-v-stile-modern.html;/sovety/dizayn-i-arhitektura/stili-inter-era/napravlencheskie-stili/remont-kvartir-v-stile-modern;0
Ремонт квартиры и дома в японском стиле;/sovety/tendencii-i-tehnologii-remonta/remont-kvartiry-i-doma-v-yaponskom-stile.html;/sovety/remont-i-otdelka-c035e4f50f/tendencii-i-tehnologii-remonta/remont-kvartiry-i-doma-v-yaponskom-stile;0
Ремонт квартиры в стиле лофт;/sovety/tendencii-i-tehnologii-remonta/remont-kvartiry-v-stile-loft.html;/sovety/remont-i-otdelka-c035e4f50f/tendencii-i-tehnologii-remonta/remont-kvartiry-v-stile-loft;0
Ремонт квартиры в стиле минимализм;/sovety/tendencii-i-tehnologii-remonta/remont-kvartiry-v-stile-minimalizm.html;/sovety/remont-i-otdelka-c035e4f50f/tendencii-i-tehnologii-remonta/remont-kvartiry-v-stile-minimalizm;0
Ремонт паркета;/sovety/napol-nye-pokrytiya/remont-parketa.html;/sovety/otdelochnye-materialy/napol-nye-pokrytiya/remont-parketa;0
Ремонт по плану;/sovety/proektirovanie-inter-era/remont-po-planu.html;/sovety/dizayn-i-arhitektura/proektirovanie-inter-era/remont-po-planu;0
Ремонт стен как осознанная необходимость;/sovety/stenovye-i-dorozhnye-materialy/remont-sten-kak-osoznannaya-neobkhodimost.html;/sovety/otdelochnye-materialy/stenovye-i-dorozhnye-materialy/remont-sten-kak-osoznannaya-neobkhodimost;0
Японский стиль - лаконичный с нежными цветами;/sovety/etnicheskie-stili/remont-v-kvartire-v-yaponskom-stile-novoe-reshenie-i-lakonichnyy-stil.html;/sovety/dizayn-i-arhitektura/stili-inter-era/etnicheskie-stili/remont-v-kvartire-v-yaponskom-stile-novoe-reshenie-i-lakonichnyy-stil;0
Ремонт в новостройках;/sovety/vidy-i-poryadok-rabot/remont-v-novostroykakh.html;/sovety/remont-i-otdelka-c035e4f50f/vidy-i-poryadok-rabot/remont-v-novostroykakh;0
Ренессанс в вашем доме;/sovety/napravlencheskie-stili/renessans-v-vashem-dome.html;/sovety/dizayn-i-arhitektura/stili-inter-era/napravlencheskie-stili/renessans-v-vashem-dome;0
Ретро – современная старина;/sovety/napravlencheskie-stili/retro-sovremennaya-starina.html;/sovety/dizayn-i-arhitektura/stili-inter-era/napravlencheskie-stili/retro-sovremennaya-starina;0
С чего начать ремонт офиса, чтобы не упустить важного;/sovety/s-chego-nachat/s-chego-nachat-remont-ofisa-chtoby-ne-upustit-vazhnogo.html;/sovety/remont-i-otdelka-c035e4f50f/s-chego-nachat/s-chego-nachat-remont-ofisa-chtoby-ne-upustit-vazhnogo;0
С чего начинается в доме уют? С окна, для которого шторы шьют!;/sovety/predmety-inter-era-dekor/s-chego-nachinaetsya-v-dome-uyut-s-okna-dlya-kotorogo-shtory-shyut.html;/sovety/dizayn-i-arhitektura/predmety-inter-era-dekor/s-chego-nachinaetsya-v-dome-uyut-s-okna-dlya-kotorogo-shtory-shyut;0
Садоводческие советы;/sovety/landshaftnyy-dizayn-fitodizayn/sadovodcheskie-sovety.html;/sovety/dizayn-i-arhitektura/landshaftnyy-dizayn-fitodizayn/sadovodcheskie-sovety;0
Счастье семьи – собственный дом;/sovety/proektirovanie-c035e95139/schaste-semi-sobstvennyy-dom.html;/sovety/kottedzhi-stroitel-stvo/proektirovanie-c035e95139/schaste-semi-sobstvennyy-dom;0
Секреты дизайн проектов однокомнатных квартир;/sovety/proektirovanie-inter-era/sekrety-dizayn-proektov-odnokomnatnykh-kvartir.html;/sovety/dizayn-i-arhitektura/proektirovanie-inter-era/sekrety-dizayn-proektov-odnokomnatnykh-kvartir;0
Секреты дизайна малометражной квартиры;/sovety/proektirovanie-inter-era/sekrety-dizayna-malometrazhnoy-kvartiry.html;/sovety/dizayn-i-arhitektura/proektirovanie-inter-era/sekrety-dizayna-malometrazhnoy-kvartiry;0
Секреты освещения детской комнаты;/sovety/cveto--i-svetodizayn/sekrety-osveshcheniya-detskoy-komnaty.html;/sovety/dizayn-i-arhitektura/cveto--i-svetodizayn/sekrety-osveshcheniya-detskoy-komnaty;0
Секреты укладки ламината;/sovety/napol-nye-pokrytiya/sekrety-ukladki-laminata.html;/sovety/otdelochnye-materialy/napol-nye-pokrytiya/sekrety-ukladki-laminata;0
Шале – швейцарский домик;/sovety/etnicheskie-stili/shale-shveytsarskiy-domik.html;/sovety/dizayn-i-arhitektura/stili-inter-era/etnicheskie-stili/shale-shveytsarskiy-domik;0
Шебби шик – подчеркивая старину;/sovety/napravlencheskie-stili/shebbi-shik-podcherkivaya-starinu.html;/sovety/dizayn-i-arhitektura/stili-inter-era/napravlencheskie-stili/shebbi-shik-podcherkivaya-starinu;0
Штукатурные работы: что это такое?;/sovety/remont-svoimi-rukami/shtukaturnye-raboty-chto-eto-takoe.html;/sovety/remont-i-otdelka-c035e4f50f/remont-svoimi-rukami/shtukaturnye-raboty-chto-eto-takoe;0
Штукатурные работы механизированным способом;/sovety/remont-svoimi-rukami/shtukaturnye-raboty-mekhanizirovannym-sposobom.html;/sovety/remont-i-otdelka-c035e4f50f/remont-svoimi-rukami/shtukaturnye-raboty-mekhanizirovannym-sposobom;0
Скандинавский стиль в дизайне интерьера;/sovety/etnicheskie-stili/skandinavskiy-stil-v-dizayne-interera.html;/sovety/dizayn-i-arhitektura/stili-inter-era/etnicheskie-stili/skandinavskiy-stil-v-dizayne-interera;0
Смелая мебель для смелых людей;/sovety/predmety-inter-era-dekor/smelaya-mebel-dlya-smelykh-lyudey.html;/sovety/dizayn-i-arhitektura/predmety-inter-era-dekor/smelaya-mebel-dlya-smelykh-lyudey;0
Смелая стилистика поп-арта;/sovety/napravlencheskie-stili/smelaya-stilistika-pop-arta.html;/sovety/dizayn-i-arhitektura/stili-inter-era/napravlencheskie-stili/smelaya-stilistika-pop-arta;0
Составление дизайн-проекта интерьера;/sovety/proektirovanie-inter-era/sostavlenie-dizayn-proekta-interera.html;/sovety/dizayn-i-arhitektura/proektirovanie-inter-era/sostavlenie-dizayn-proekta-interera;0
Современные технологии, материалы и цены, а также мусор…;/sovety/ceny-sroki-stoimost-remonta/sovremennye-tekhnologii-materialy-i-tseny-a-takzhe-musor.html;/sovety/remont-i-otdelka-c035e4f50f/ceny-sroki-stoimost-remonta/sovremennye-tekhnologii-materialy-i-tseny-a-takzhe-musor;0
Современный дизайн интерьера гостиной;/sovety/proektirovanie-inter-era/sovremennyy-dizayn-interera-gostinoy.html;/sovety/dizayn-i-arhitektura/proektirovanie-inter-era/sovremennyy-dizayn-interera-gostinoy;0
Современный  дизайн приобретает квартира студия 30 м;/sovety/proektirovanie-inter-era/sovremennyy-dizayn-priobretaet-kvartira-studiya-30-m.html;/sovety/dizayn-i-arhitektura/proektirovanie-inter-era/sovremennyy-dizayn-priobretaet-kvartira-studiya-30-m;0
Современный интерьер четырехкомнатной квартиры;/sovety/proektirovanie-inter-era/sovremennyy-interer-chetyrekhkomnatnoy-kvartiry.html;/sovety/dizayn-i-arhitektura/proektirovanie-inter-era/sovremennyy-interer-chetyrekhkomnatnoy-kvartiry;0
Создаем античный интерьер;/sovety/napravlencheskie-stili/sozdaem-antichnyy-interer.html;/sovety/dizayn-i-arhitektura/stili-inter-era/napravlencheskie-stili/sozdaem-antichnyy-interer;0
Создание дизайн проекта трехкомнатной квартиры;/sovety/proektirovanie-c035e95139/sozdanie-dizayn-proekta-trekhkomnatnoy-kvartiry.html;/sovety/kottedzhi-stroitel-stvo/proektirovanie-c035e95139/sozdanie-dizayn-proekta-trekhkomnatnoy-kvartiry;0
Создание дизайна детской;/sovety/proektirovanie-inter-era/sozdanie-dizayna-detskoy.html;/sovety/dizayn-i-arhitektura/proektirovanie-inter-era/sozdanie-dizayna-detskoy;0
Создание дизайна интерьера магазина;/sovety/korporativnyy-dizayn/sozdanie-dizayna-interera-magazina.html;/sovety/dizayn-i-arhitektura/korporativnyy-dizayn/sozdanie-dizayna-interera-magazina;0
Создаём удобное пространство в квартире-студии;/sovety/proektirovanie-inter-era/sozdayem-udobnoe-prostranstvo-v-kvartire-studii.html;/sovety/dizayn-i-arhitektura/proektirovanie-inter-era/sozdayem-udobnoe-prostranstvo-v-kvartire-studii;0
Стены;/sovety/predmety-inter-era-dekor/steny.html;/sovety/dizayn-i-arhitektura/predmety-inter-era-dekor/steny;0
Стиль фьюжен – изысканный микс;/sovety/napravlencheskie-stili/stil-fyuzhen-izyskannyy-miks.html;/sovety/dizayn-i-arhitektura/stili-inter-era/napravlencheskie-stili/stil-fyuzhen-izyskannyy-miks;0
Стиль кантри – противостояние урбанизации;/sovety/napravlencheskie-stili/stil-kantri-protivostoyanie-urbanizatsii.html;/sovety/dizayn-i-arhitektura/stili-inter-era/napravlencheskie-stili/stil-kantri-protivostoyanie-urbanizatsii;0
Стиль модерн – из XIX века в современность;/sovety/napravlencheskie-stili/stil-modern-iz-xix-veka-v-sovremennost.html;/sovety/dizayn-i-arhitektura/stili-inter-era/napravlencheskie-stili/stil-modern-iz-xix-veka-v-sovremennost;0
Стиль винтаж – ожившая старина;/sovety/napravlencheskie-stili/stil-vintazh-ozhivshaya-starina.html;/sovety/dizayn-i-arhitektura/stili-inter-era/napravlencheskie-stili/stil-vintazh-ozhivshaya-starina;0
Строим пристройку к дому и наслаждаемся комфортом;/sovety/vspomogatel-nye-stroeniya/stroim-pristroyku-k-domu-i-naslazhdaemsya-komfortom.html;/sovety/kottedzhi-stroitel-stvo/vspomogatel-nye-stroeniya/stroim-pristroyku-k-domu-i-naslazhdaemsya-komfortom;0
Строительная бригада - выбираем профессионалов;/sovety/s-chego-nachat/stroitelnaya-brigada-vybiraem-professionalov.html;/sovety/remont-i-otdelka-c035e4f50f/s-chego-nachat/stroitelnaya-brigada-vybiraem-professionalov;0
Студийная планировка квартиры: варианты решения;/sovety/proektirovanie-inter-era/studiynaya-planirovka-kvartiry-varianty-resheniya.html;/sovety/dizayn-i-arhitektura/proektirovanie-inter-era/studiynaya-planirovka-kvartiry-varianty-resheniya;0
Светодизайн – игра со светом;/sovety/cveto--i-svetodizayn/svetodizayn-igra-so-svetom.html;/sovety/dizayn-i-arhitektura/cveto--i-svetodizayn/svetodizayn-igra-so-svetom;0
Светодизайн в прихожей;/sovety/cveto--i-svetodizayn/svetodizayn-v-prikhozhey.html;/sovety/dizayn-i-arhitektura/cveto--i-svetodizayn/svetodizayn-v-prikhozhey;0
Технология штукатурных работ;/sovety/remont-svoimi-rukami/tekhnologiya-shtukaturnykh-rabot.html;/sovety/remont-i-otdelka-c035e4f50f/remont-svoimi-rukami/tekhnologiya-shtukaturnykh-rabot;0
Темы экологии в органическом стиле;/sovety/napravlencheskie-stili/temy-ekologii-v-organicheskom-stile.html;/sovety/dizayn-i-arhitektura/stili-inter-era/napravlencheskie-stili/temy-ekologii-v-organicheskom-stile;0
Теплый пол на балконе;/sovety/napol-nye-pokrytiya/teplyy-pol-na-balkone.html;/sovety/otdelochnye-materialy/napol-nye-pokrytiya/teplyy-pol-na-balkone;0
Терраса;/sovety/vspomogatel-nye-stroeniya/terrasa.html;/sovety/kottedzhi-stroitel-stvo/vspomogatel-nye-stroeniya/terrasa;0
Типы подвесных потолков;/sovety/potolochnye-materialy/tipy-podvesnykh-potolkov.html;/sovety/otdelochnye-materialy/potolochnye-materialy/tipy-podvesnykh-potolkov;0
Толковый дизайн магазина одежды;/sovety/korporativnyy-dizayn/tolkovyy-dizayn-magazina-odezhdy.html;/sovety/dizayn-i-arhitektura/korporativnyy-dizayn/tolkovyy-dizayn-magazina-odezhdy;0
Трансформация жилого пространства;/sovety/proektirovanie-inter-era/transformatsiya-zhilogo-prostranstva.html;/sovety/dizayn-i-arhitektura/proektirovanie-inter-era/transformatsiya-zhilogo-prostranstva;0
Тщательно разработанный дизайн проект участка – предмет восхищения;/sovety/landshaftnyy-dizayn-fitodizayn/tshchatelno-razrabotannyy-dizayn-proekt-uchastka-predmet-voskhishcheniya.html;/sovety/dizayn-i-arhitektura/landshaftnyy-dizayn-fitodizayn/tshchatelno-razrabotannyy-dizayn-proekt-uchastka-predmet-voskhishcheniya;0
Творческий дизайн квартир и 155 творит чудеса;/sovety/proektirovanie-inter-era/tvorcheskiy-dizayn-kvartir-i-155-tvorit-chudesa.html;/sovety/dizayn-i-arhitektura/proektirovanie-inter-era/tvorcheskiy-dizayn-kvartir-i-155-tvorit-chudesa;0
Удачный дизайн проект свадебного салона – половина успеха;/sovety/korporativnyy-dizayn/udachnyy-dizayn-proekt-svadebnogo-salona-polovina-uspekha.html;/sovety/dizayn-i-arhitektura/korporativnyy-dizayn/udachnyy-dizayn-proekt-svadebnogo-salona-polovina-uspekha;0
Удобство и комфорт обеспечит практичный дизайн проект столовой;/sovety/proektirovanie-inter-era/udobstvo-i-komfort-obespechit-praktichnyy-dizayn-proekt-stolovoy.html;/sovety/dizayn-i-arhitektura/proektirovanie-inter-era/udobstvo-i-komfort-obespechit-praktichnyy-dizayn-proekt-stolovoy;0
Укладка клинкерной плитки;/sovety/remont-svoimi-rukami/ukladka-klinkernoy-plitki.html;/sovety/remont-i-otdelka-c035e4f50f/remont-svoimi-rukami/ukladka-klinkernoy-plitki;0
Укладка мозаики;/sovety/remont-svoimi-rukami/ukladka-mozaiki.html;/sovety/remont-i-otdelka-c035e4f50f/remont-svoimi-rukami/ukladka-mozaiki;0
Укладка напольной плитки;/sovety/remont-svoimi-rukami/ukladka-napolnoy-plitki.html;/sovety/remont-i-otdelka-c035e4f50f/remont-svoimi-rukami/ukladka-napolnoy-plitki;0
Укладка плитки на деревянный пол;/sovety/remont-svoimi-rukami/ukladka-plitki-na-derevyannyy-pol.html;/sovety/remont-i-otdelka-c035e4f50f/remont-svoimi-rukami/ukladka-plitki-na-derevyannyy-pol;0
Укладка плитки: различные способы;/sovety/napol-nye-pokrytiya/ukladka-plitki-razlichnye-sposoby.html;/sovety/otdelochnye-materialy/napol-nye-pokrytiya/ukladka-plitki-razlichnye-sposoby;0
Укладка плитки в ванной;/sovety/remont-svoimi-rukami/ukladka-plitki-v-vannoy.html;/sovety/remont-i-otdelka-c035e4f50f/remont-svoimi-rukami/ukladka-plitki-v-vannoy;0
Улучшение планировки с помощью перегородок;/sovety/proektirovanie-inter-era/uluchshenie-planirovki-s-pomoshchyu-peregorodok.html;/sovety/dizayn-i-arhitektura/proektirovanie-inter-era/uluchshenie-planirovki-s-pomoshchyu-peregorodok;0
Уникальный элемент декора – цветы в интерьере квартиры и офиса;/sovety/predmety-inter-era-dekor/unikalnyy-element-dekora-tsvety-v-interere-kvartiry-i-ofisa.html;/sovety/dizayn-i-arhitektura/predmety-inter-era-dekor/unikalnyy-element-dekora-tsvety-v-interere-kvartiry-i-ofisa;0
Установка подвесных потолков в ванной комнате;/sovety/potolochnye-materialy/ustanovka-podvesnykh-potolkov-v-vannoy-komnate.html;/sovety/otdelochnye-materialy/potolochnye-materialy/ustanovka-podvesnykh-potolkov-v-vannoy-komnate;0
Устройство наливных полов;/sovety/napol-nye-pokrytiya/ustroystvo-nalivnykh-polov.html;/sovety/otdelochnye-materialy/napol-nye-pokrytiya/ustroystvo-nalivnykh-polov;0
Утонченный и изящный французский дизайн интерьера квартир и домов;/sovety/etnicheskie-stili/utonchennyy-i-izyashchnyy-frantsuzskiy-dizayn-interera-kvartir-i-domov.html;/sovety/dizayn-i-arhitektura/stili-inter-era/etnicheskie-stili/utonchennyy-i-izyashchnyy-frantsuzskiy-dizayn-interera-kvartir-i-domov;0
Уютный и стильный дизайн интерьера холла;/sovety/proektirovanie-inter-era/uyutnyy-i-stilnyy-dizayn-interera-kholla.html;/sovety/dizayn-i-arhitektura/proektirovanie-inter-era/uyutnyy-i-stilnyy-dizayn-interera-kholla;0
Ванная: современный дизайн;/sovety/proektirovanie-inter-era/vannaya-sovremennyy-dizayn.html;/sovety/dizayn-i-arhitektura/proektirovanie-inter-era/vannaya-sovremennyy-dizayn;0
Варианты дизайна кабинета;/sovety/korporativnyy-dizayn/varianty-dizayna-kabineta.html;/sovety/dizayn-i-arhitektura/korporativnyy-dizayn/varianty-dizayna-kabineta;0
Ваш дом - дворец или интерьер в стиле рококо;/sovety/napravlencheskie-stili/vash-dom-dvorets-ili-interer-v-stile-rokoko.html;/sovety/dizayn-i-arhitektura/stili-inter-era/napravlencheskie-stili/vash-dom-dvorets-ili-interer-v-stile-rokoko;0
Важные детали в перепланировке квартиры;/sovety/pereplanirovka-i-soglasovanie/vazhnye-detali-v-pereplanirovke-kvartiry.html;/sovety/remont-i-otdelka-c035e4f50f/pereplanirovka-i-soglasovanie/vazhnye-detali-v-pereplanirovke-kvartiry;0
Веранда;/sovety/vspomogatel-nye-stroeniya/veranda.html;/sovety/kottedzhi-stroitel-stvo/vspomogatel-nye-stroeniya/veranda;0
Веранды;/sovety/vspomogatel-nye-stroeniya/verandy.html;/sovety/kottedzhi-stroitel-stvo/vspomogatel-nye-stroeniya/verandy;0
Виды остекления балконов;/sovety/okna-i-ostekleniya/vidy-ostekleniya-balkonov.html;/sovety/otdelochnye-materialy/okna-i-ostekleniya/vidy-ostekleniya-balkonov;0
Виды ремонта. Капитальный или косметический выбрать?;/sovety/kosmeticheskiy-i-kapital-nyy-remont/vidy-remonta-kapitalnyy-ili-kosmeticheskiy-vybrat.html;/sovety/remont-i-otdelka-c035e4f50f/kosmeticheskiy-i-kapital-nyy-remont/vidy-remonta-kapitalnyy-ili-kosmeticheskiy-vybrat;0
Виды смесителей на строительном рынке;/sovety/santehnika/vidy-smesiteley-na-stroitelnom-rynke.html;/sovety/otdelochnye-materialy/santehnika/vidy-smesiteley-na-stroitelnom-rynke;0
VIP-дизайн и декор из бисера;/sovety/predmety-inter-era-dekor/vip-dizayn-i-dekor-iz-bisera.html;/sovety/dizayn-i-arhitektura/predmety-inter-era-dekor/vip-dizayn-i-dekor-iz-bisera;0
Внутренние штукатурные работы;/sovety/remont-svoimi-rukami/vnutrennie-shtukaturnye-raboty.html;/sovety/remont-i-otdelka-c035e4f50f/remont-svoimi-rukami/vnutrennie-shtukaturnye-raboty;0
Во что обойдется стоимость ремонта офиса;/sovety/vidy-i-poryadok-rabot/vo-chto-oboydetsya-stoimost-remonta-ofisa.html;/sovety/remont-i-otdelka-c035e4f50f/vidy-i-poryadok-rabot/vo-chto-oboydetsya-stoimost-remonta-ofisa;0
Воплощение романтики в итальянском стиле интерьера;/sovety/etnicheskie-stili/voploshchenie-romantiki-v-italyanskom-stile-interera.html;/sovety/dizayn-i-arhitektura/stili-inter-era/etnicheskie-stili/voploshchenie-romantiki-v-italyanskom-stile-interera;0
Вопросы о пристройке гаража к дому;/sovety/vspomogatel-nye-stroeniya/voprosy-o-pristroyke-garazha-k-domu.html;/sovety/kottedzhi-stroitel-stvo/vspomogatel-nye-stroeniya/voprosy-o-pristroyke-garazha-k-domu;0
Выбор напольного покрытия для гостиной;/sovety/napol-nye-pokrytiya/vybor-napolnogo-pokrytiya-dlya-gostinoy.html;/sovety/otdelochnye-materialy/napol-nye-pokrytiya/vybor-napolnogo-pokrytiya-dlya-gostinoy;0
Яркие краски жизни – мексиканский стиль в интерьере;/sovety/etnicheskie-stili/yarkie-kraski-zhizni-meksikanskiy-stil-v-interere.html;/sovety/dizayn-i-arhitektura/stili-inter-era/etnicheskie-stili/yarkie-kraski-zhizni-meksikanskiy-stil-v-interere;0
Загородный дом;/sovety/derevyannye-doma/zagorodnyy-dom.html;/sovety/kottedzhi-stroitel-stvo/derevyannye-doma/zagorodnyy-dom;0
Замена элементов канализационных сетей в ванной комнате и туалете;/sovety/vodosnabzhenie-i-kanalizaciya/zamena-elementov-kanalizatsionnykh-setey-v-vannoy-komnate-i-tualete.html;/sovety/inzhenernye-sistemy-i-seti/vodosnabzhenie-i-kanalizaciya/zamena-elementov-kanalizatsionnykh-setey-v-vannoy-komnate-i-tualete;0
Замковая роскошь в городской квартире – интерьер в римском стиле ;/sovety/etnicheskie-stili/zamkovaya-roskosh-v-gorodskoy-kvartire-interer-v-rimskom-stile-.html;/sovety/dizayn-i-arhitektura/stili-inter-era/etnicheskie-stili/zamkovaya-roskosh-v-gorodskoy-kvartire-interer-v-rimskom-stile-;0
Затирка швов при укладке керамической плитки;/sovety/vidy-i-poryadok-rabot/zatirka-shvov-pri-ukladke-keramicheskoy-plitki.html;/sovety/remont-i-otdelka-c035e4f50f/vidy-i-poryadok-rabot/zatirka-shvov-pri-ukladke-keramicheskoy-plitki;0
Зеленая дорожка, или Нюансы ландшафтного дизайна;/sovety/landshaftnyy-dizayn-fitodizayn/zelenaya-dorozhka-ili-nyuansy-landshaftnogo-dizayna.html;/sovety/dizayn-i-arhitektura/landshaftnyy-dizayn-fitodizayn/zelenaya-dorozhka-ili-nyuansy-landshaftnogo-dizayna;0
Зеркала ;/sovety/predmety-inter-era-dekor/zerkala-.html;/sovety/dizayn-i-arhitektura/predmety-inter-era-dekor/zerkala-;0
Зеркала и интерьер вашего дома;/sovety/predmety-inter-era-dekor/zerkala-i-interer-vashego-doma.html;/sovety/dizayn-i-arhitektura/predmety-inter-era-dekor/zerkala-i-interer-vashego-doma;0
Зимний сад как пристройка к дому;/sovety/vspomogatel-nye-stroeniya/zimniy-sad-kak-pristroyka-k-domu.html;/sovety/kottedzhi-stroitel-stvo/vspomogatel-nye-stroeniya/zimniy-sad-kak-pristroyka-k-domu;0
Зонирование помещения – как сделать дизайн идеальным;/sovety/proektirovanie-inter-era/zonirovanie-pomeshcheniya-kak-sdelat-dizayn-idealnym.html;/sovety/dizayn-i-arhitektura/proektirovanie-inter-era/zonirovanie-pomeshcheniya-kak-sdelat-dizayn-idealnym;0
